Date,Open,High,Low,Close,Volume,Market Cap,MSTR Stock,PYPL_Stock,BDT_Stock
2019-05-18,7341.66,7447.27,7251.5,7271.21,21354286562,1.29E+11,136.27,112.15,6700
2019-05-19,7267.96,8261.94,7267.96,8197.69,25902422040,1.45E+11,136.27,112.15,6700
2019-05-20,8196.92,8200.97,7678.78,7978.31,23843404340,1.41E+11,136.27,112.15,6700
2019-05-21,7977.97,8062.17,7843.34,7963.33,25127245056,1.41E+11,137.31,112.43,6660
2019-05-22,7956.29,7997.61,7615.99,7680.07,24719473175,1.36E+11,136.27,112.47,6690
2019-05-23,7677.27,7943.79,7533.2,7881.85,24457107820,1.40E+11,133.92,109.9,6220
2019-05-24,7881.7,8140.72,7824.45,7987.37,25919126991,1.42E+11,134.08,109.85,6260
2019-05-25,7991.89,8117.93,7965.98,8052.54,22256813107,1.43E+11,134.08,111.74,6260
2019-05-26,8055.21,8687.52,7924.67,8673.22,26677970092,1.54E+11,134.08,111.74,6260
2019-05-27,8674.07,8907.17,8668.7,8805.78,27949839564,1.56E+11,134.08,111.74,6590
2019-05-28,8802.76,8807.02,8634.72,8719.96,24226919267,1.55E+11,135.33,111.74,6550
2019-05-29,8718.59,8755.85,8482.73,8659.49,23473479966,1.54E+11,133.75,110.08,6290
2019-05-30,8661.76,9008.31,8221.27,8319.47,29246528551,1.48E+11,133.66,111.41,6410
2019-05-31,8320.29,8586.66,8172.55,8574.5,25365190957,1.52E+11,132.91,109.75,6280
2019-06-01,8573.84,8625.6,8481.58,8564.02,22488303544,1.52E+11,132.91,105.52,6280
2019-06-02,8565.47,8809.3,8561.24,8742.96,20266216022,1.55E+11,132.91,105.52,6280
2019-06-03,8741.75,8743.5,8204.19,8208.99,22004511436,1.46E+11,130.9,105.52,6120
2019-06-04,8210.99,8210.99,7564.49,7707.77,24609731549,1.37E+11,133.82,108.73,5980
2019-06-05,7704.34,7901.85,7668.67,7824.23,21760923463,1.39E+11,134.38,110.77,6000
2019-06-06,7819.63,7937.34,7571.47,7822.02,19474611077,1.39E+11,134.41,111.78,6000
2019-06-07,7826.9,8126.15,7788.37,8043.95,19141423231,1.43E+11,137.14,114.02,6020
2019-06-08,8036.77,8076.89,7837.61,7954.13,16522722810,1.41E+11,137.14,115.62,6020
2019-06-09,7949.67,7975.97,7583.22,7688.08,16610726547,1.36E+11,137.14,115.62,6020
2019-06-10,7692.28,8031.91,7586.73,8000.33,18689275117,1.42E+11,136.55,115.62,6030
2019-06-11,8004.24,8026.39,7772.8,7927.71,17107279932,1.41E+11,134.14,114.6,6150
2019-06-12,7925.43,8196.65,7862.36,8145.86,19034432883,1.45E+11,132.68,114.5,6100
2019-06-13,8145.55,8311.57,8087.06,8230.92,18669407147,1.46E+11,132.05,115.72,6090
2019-06-14,8230.9,8710.64,8183.39,8693.83,19831162906,1.54E+11,133.65,116.17,6230
2019-06-15,8689.75,8859.13,8618.4,8838.38,18371033226,1.57E+11,133.65,117.16,6230
2019-06-16,8841.44,9335.87,8814.56,8994.49,23348550311,1.60E+11,133.65,117.16,6230
2019-06-17,8988.92,9416.41,8988.92,9320.35,15562951919,1.66E+11,141.25,117.16,6400
2019-06-18,9335.47,9348.37,9004.9,9081.76,15848210536,1.61E+11,145.59,115.98,6230
2019-06-19,9078.73,9299.62,9070.4,9273.52,15546809946,1.65E+11,147.67,117.14,6250
2019-06-20,9273.06,9594.42,9232.48,9527.16,17846823784,1.69E+11,147.89,118.79,6400
2019-06-21,9525.07,10144.56,9525.07,10144.56,20624008643,1.80E+11,146.72,116.21,6540
2019-06-22,10175.92,11157.35,10107.04,10701.69,29995204861,1.90E+11,146.72,116.5,6540
2019-06-23,10696.69,11246.14,10556.1,10855.37,20998326502,1.93E+11,146.72,116.5,6540
2019-06-24,10853.74,11065.9,10610.43,11011.1,19271652365,1.96E+11,141.58,116.5,6750
2019-06-25,11007.2,11790.92,11007.2,11790.92,24879684533,2.10E+11,140.16,114.44,8770
2019-06-26,11778.58,13796.49,11755.6,13016.23,45105733173,2.31E+11,139.12,114.15,10150
2019-06-27,13017.12,13311.14,10491.85,11182.81,39977475223,1.99E+11,141.03,113.67,9690
2019-06-28,11162.17,12445.18,10914.49,12407.33,35087757766,2.21E+11,143.31,114.46,8900
2019-06-29,12400.76,12400.91,11508.38,11959.37,29923961128,2.13E+11,143.31,115.03,8900
2019-06-30,11931.99,12178.38,10799.01,10817.16,27256473494,1.92E+11,143.31,115.03,8900
2019-07-01,10796.93,11206.44,10089.31,10583.13,29378589324,1.88E+11,140.03,115.03,8400
2019-07-02,10588.68,10912.19,9737.88,10801.68,31015895223,1.92E+11,140.5,116.17,8150
2019-07-03,10818.16,11968.08,10818.16,11961.27,30796494294,2.13E+11,141.16,117.68,8410
2019-07-04,11972.72,12006.08,11166.57,11215.44,25920294033,2.00E+11,141.16,117.16,8370
2019-07-05,11203.1,11395.66,10874.96,10978.46,23838480210,1.95E+11,140.24,117.16,8080
2019-07-06,10982.54,11620.97,10982.54,11208.55,21092024306,2.00E+11,140.24,116.95,8080
2019-07-07,11217.62,11541.62,11148.8,11450.85,19369044277,2.04E+11,140.24,116.95,8080
2019-07-08,11446.6,12345.83,11393.37,12285.96,23482551458,2.19E+11,125.93,116.95,7680
2019-07-09,12284.33,12779.13,12233.26,12573.81,28167921523,2.24E+11,123.99,118.37,8250
2019-07-10,12571.54,13129.53,11710.98,12156.51,33627574244,2.17E+11,122.96,119.64,8460
2019-07-11,12139.71,12144.62,11158.92,11358.66,28595327690,2.02E+11,122.79,120.65,7970
2019-07-12,11354.3,11905.49,11179.14,11815.99,23534692797,2.10E+11,123.02,120.12,7650
2019-07-13,11813.13,11841.96,10908.48,11392.38,21042616384,2.03E+11,123.02,120.9,7650
2019-07-14,11381.02,11451.2,10234.58,10256.06,22486000001,1.83E+11,123.02,120.9,7650
2019-07-15,10257.84,11052.77,9992.01,10895.09,25384047207,1.94E+11,123.62,120.9,7200
2019-07-16,10896.65,10996.63,9448.11,9477.64,24151199070,1.69E+11,124.5,119.71,7060
2019-07-17,9471.21,9963.13,9163.13,9693.8,24569921549,1.73E+11,122.51,118.81,7140
2019-07-18,9698.5,10736.84,9376.8,10666.48,25187024648,1.90E+11,122.66,119.87,6980
2019-07-19,10653.96,10716.98,10229.63,10530.73,20727426310,1.88E+11,121.75,118.63,7090
2019-07-20,10525.82,11048.66,10451.28,10767.14,20206615155,1.92E+11,121.75,118.69,7090
2019-07-21,10777.53,10841.89,10389.6,10599.11,17130580467,1.89E+11,121.75,118.69,7090
2019-07-22,10596.95,10651.79,10154.92,10343.11,16334414913,1.84E+11,122.25,118.69,7110
2019-07-23,10346.75,10346.75,9883.6,9900.77,17851916995,1.77E+11,121.58,120.22,7090
2019-07-24,9887.73,9908.8,9614.31,9811.93,17398734322,1.75E+11,122.73,121.3,6880
2019-07-25,9809.1,10154.25,9773.96,9911.84,15821952090,1.77E+11,122.19,115.12,7020
2019-07-26,9913.13,9916.52,9717.98,9870.3,14495714483,1.76E+11,123.32,115.49,6920
2019-07-27,9871.16,10167.32,9411.52,9477.68,16817809536,1.69E+11,123.32,111.45,6920
2019-07-28,9491.63,9575.55,9252.3,9552.86,13738687093,1.70E+11,123.32,111.45,6920
2019-07-29,9548.18,9681.65,9472.95,9519.15,13791445323,1.70E+11,122.18,111.45,6440
2019-07-30,9522.33,9701.76,9437.34,9607.42,13829811132,1.71E+11,123.19,112.04,6710
2019-07-31,9604.05,10085.63,9598.1,10085.63,16631520648,1.80E+11,136.73,110.4,6730
2019-08-01,10077.44,10446.92,9922.02,10399.67,17165337858,1.86E+11,135.48,110.8,6530
2019-08-02,10402.04,10657.95,10371.01,10518.17,17489094082,1.88E+11,134.3,107.09,6670
2019-08-03,10519.28,10946.78,10503.5,10821.73,15352685061,1.93E+11,134.3,103.6,6670
2019-08-04,10821.63,11009.21,10620.28,10970.18,16530894787,1.96E+11,134.3,103.6,6670
2019-08-05,10960.74,11895.09,10960.74,11805.65,23875988832,2.11E+11,132.52,103.6,6770
2019-08-06,11811.55,12273.82,11290.73,11478.17,23635107660,2.05E+11,134.1,105.03,7370
2019-08-07,11476.19,12036.99,11433.7,11941.97,22194988641,2.13E+11,138.35,106.63,7440
2019-08-08,11954.04,11979.42,11556.17,11966.41,19481591730,2.14E+11,140.27,106.79,7500
2019-08-09,11953.47,11970.46,11709.75,11862.94,18339989960,2.12E+11,140.7,104.82,8040
2019-08-10,11861.56,11915.66,11323.9,11354.02,18125355447,2.03E+11,140.7,102.72,8040
2019-08-11,11349.74,11523.58,11248.29,11523.58,15774371518,2.06E+11,140.7,102.72,8040
2019-08-12,11528.19,11528.19,11320.95,11382.62,13647198229,2.03E+11,140.74,102.72,8020
2019-08-13,11385.05,11420.05,10830.33,10895.83,16681503537,1.95E+11,138.73,106.04,7980
2019-08-14,10889.49,10889.56,10028.14,10051.7,19990838300,1.80E+11,137.95,103.27,7730
2019-08-15,10038.42,10437.41,9675.32,10311.55,22899115082,1.84E+11,136.39,104.95,7730
2019-08-16,10319.42,10524.35,9855.48,10374.34,20228207096,1.86E+11,137.33,106.16,7540
2019-08-17,10358.72,10452.62,10086.7,10231.74,13778035685,1.83E+11,137.33,107.67,7540
2019-08-18,10233.01,10487.07,10119.09,10345.81,12999813869,1.85E+11,137.33,107.67,7540
2019-08-19,10350.28,10916.05,10313.2,10916.05,16038264603,1.95E+11,139.75,107.67,7570
2019-08-20,10916.35,10947.04,10618.96,10763.23,15053082175,1.93E+11,140.51,107.37,7680
2019-08-21,10764.57,10798.73,9962.72,10138.05,19473084768,1.81E+11,140.89,109.82,7550
2019-08-22,10142.52,10233,9831.46,10131.06,17097508856,1.81E+11,141.22,108.77,7290
2019-08-23,10136.31,10442.44,10078.19,10407.97,15627023886,1.86E+11,138.11,106.04,7730
2019-08-24,10407.64,10418.02,9982.3,10159.96,15451030650,1.82E+11,138.11,107.66,7730
2019-08-25,10160.74,10304.62,10008.79,10138.52,14153856610,1.81E+11,138.11,107.66,7730
2019-08-26,10126.3,10512.33,10126.3,10370.82,18438654080,1.86E+11,139.62,107.66,7600
2019-08-27,10372.83,10381.33,10087.3,10185.5,14762609503,1.82E+11,138.72,107.45,7380
2019-08-28,10203.43,10279.37,9716.66,9754.42,17603790323,1.75E+11,139.46,107.47,7310
2019-08-29,9756.79,9756.79,9421.63,9510.2,17045878501,1.70E+11,141.39,109.21,7000
2019-08-30,9514.84,9656.12,9428.3,9598.17,13595263986,1.72E+11,143.29,109.05,7100
2019-08-31,9597.54,9673.22,9531.8,9630.66,11454806419,1.72E+11,143.29,106.75,7100
2019-09-01,9630.59,9796.76,9582.94,9757.97,11445355859,1.75E+11,143.29,106.75,7100
2019-09-02,9757.47,10396.59,9730.65,10346.76,17248102294,1.85E+11,143.29,106.75,7400
2019-09-03,10345.73,10736.1,10308.55,10623.54,19384917989,1.90E+11,143.6,106.75,8420
2019-09-04,10621.18,10762.64,10434.71,10594.49,16742664769,1.90E+11,137.17,108.73,8280
2019-09-05,10588.18,10627.27,10516.42,10575.53,14551239508,1.89E+11,141.41,111.46,8100
2019-09-06,10578.2,10898.76,10292.3,10353.3,19536574783,1.86E+11,139.89,110.05,8370
2019-09-07,10353.93,10558.67,10348.92,10517.25,15307366476,1.88E+11,139.89,105.43,8370
2019-09-08,10518.11,10595.64,10409.09,10441.28,13670567493,1.87E+11,139.89,105.43,8370
2019-09-09,10443.23,10450.31,10144.93,10334.97,17595943368,1.85E+11,143.69,105.43,8230
2019-09-10,10336.41,10394.35,10020.57,10115.98,14906809639,1.81E+11,144.96,103.05,8300
2019-09-11,10123.03,10215.95,9980.78,10178.37,15428063426,1.83E+11,147.54,104.02,8330
2019-09-12,10176.82,10442.25,10099.24,10410.13,15323563925,1.87E+11,148.4,107.1,8330
2019-09-13,10415.36,10441.49,10226.6,10360.55,14109864675,1.86E+11,145.78,107,8330
2019-09-14,10345.4,10422.13,10291.69,10358.05,13468713124,1.86E+11,145.78,106.52,8330
2019-09-15,10356.47,10387.03,10313.09,10347.71,12043433567,1.86E+11,145.78,106.52,8330
2019-09-16,10347.22,10386.87,10189.74,10276.79,15160167779,1.84E+11,147.45,106.52,8710
2019-09-17,10281.51,10296.77,10199.74,10241.27,15304603363,1.84E+11,149.01,107.5,8700
2019-09-18,10247.8,10275.93,10191.47,10198.25,16169268880,1.83E+11,148.13,105.6,9250
2019-09-19,10200.5,10295.67,9851.69,10266.41,19937691247,1.84E+11,150.45,106.12,9300
2019-09-20,10266.32,10285.87,10132.19,10181.64,14734189639,1.83E+11,149.05,104.64,9670
2019-09-21,10183.65,10188.1,10000.71,10019.72,13425266806,1.80E+11,149.05,105.11,9670
2019-09-22,10024.12,10074.44,9922.53,10070.39,13199651698,1.81E+11,149.05,105.11,9670
2019-09-23,10067.96,10074.24,9727.14,9729.32,15144925408,1.75E+11,150.59,105.11,9480
2019-09-24,9729.32,9804.32,8370.8,8620.57,25002886689,1.55E+11,148.88,103.69,9500
2019-09-25,8603.43,8744.83,8325.4,8486.99,21744728353,1.52E+11,149.57,104.14,8400
2019-09-26,8487.67,8515.69,7895.63,8118.97,19258205289,1.46E+11,149.37,104.55,8750
2019-09-27,8113.1,8271.52,7965.92,8251.85,16408941156,1.48E+11,147.03,102.2,8650
2019-09-28,8251.27,8285.62,8125.43,8245.92,14141152736,1.48E+11,147.03,103.59,8650
2019-09-29,8246.04,8261.71,7990.5,8104.19,13034629109,1.46E+11,147.03,103.59,8650
2019-09-30,8104.23,8314.23,7830.76,8293.87,17115474183,1.49E+11,148.37,103.59,8830
2019-10-01,8299.72,8497.69,8232.68,8343.28,15305343413,1.50E+11,146.34,102.53,8940
2019-10-02,8344.21,8393.04,8227.7,8393.04,13125712443,1.51E+11,144.9,99.73,8770
2019-10-03,8390.77,8414.23,8146.44,8259.99,13668823409,1.48E+11,145.42,101.03,8770
2019-10-04,8259.49,8260.06,8151.24,8205.94,13139456229,1.47E+11,146.59,102.79,8650
2019-10-05,8210.15,8215.53,8071.12,8151.5,12200497197,1.47E+11,146.59,101.62,8650
2019-10-06,8149.88,8161.41,7958.85,7988.16,13160830305,1.44E+11,146.59,101.62,8650
2019-10-07,7989.12,8308.45,7905.77,8245.62,18009742607,1.48E+11,147.35,101.62,8230
2019-10-08,8246.85,8332.72,8185.76,8228.78,15592264032,1.48E+11,143.96,99.33,8890
2019-10-09,8229.84,8627.71,8169.3,8595.74,19384942333,1.55E+11,144.37,99.89,8890
2019-10-10,8585.28,8625.27,8471.93,8586.47,17618660671,1.54E+11,143.52,100.54,8810
2019-10-11,8585.26,8721.78,8316.18,8321.76,19604381101,1.50E+11,144.15,101.58,8700
2019-10-12,8315.66,8415.24,8313.34,8336.56,14532641605,1.50E+11,144.15,101.75,8700
2019-10-13,8336.9,8470.99,8276.61,8321.01,13808286059,1.50E+11,144.15,101.75,8700
2019-10-14,8320.83,8390.21,8284.13,8374.69,15151387859,1.51E+11,143.94,101.75,8530
2019-10-15,8373.46,8410.71,8182.71,8205.37,15220412632,1.48E+11,144.18,103.59,8420
2019-10-16,8204.67,8216.81,7985.09,8047.53,16071646996,1.45E+11,143.41,103.09,8490
2019-10-17,8047.81,8134.83,8000.94,8103.91,14313052244,1.46E+11,143.72,103.63,8820
2019-10-18,8100.93,8138.41,7902.16,7973.21,15651592610,1.44E+11,143.15,101.22,8620
2019-10-19,7973.8,8082.63,7944.78,7988.56,13797825640,1.44E+11,143.15,101.44,8620
2019-10-20,7997.81,8281.82,7949.44,8222.08,15504249442,1.48E+11,143.15,101.44,8620
2019-10-21,8225.12,8296.69,8196.42,8243.72,15868748866,1.48E+11,144.02,101.44,8430
2019-10-22,8243.4,8296.65,8074.46,8078.2,16803377857,1.45E+11,143.02,97.36,8810
2019-10-23,8076.23,8093,7469.32,7514.67,21942878958,1.35E+11,142.6,96.64,8930
2019-10-24,7509.73,7532.87,7446.99,7493.49,16268708849,1.35E+11,144.6,104.91,8910
2019-10-25,7490.7,8691.54,7479.98,8660.7,28705065488,1.56E+11,145.77,107.19,9200
2019-10-26,8667.58,10021.74,8662.62,9244.97,44496255609,1.67E+11,145.77,106.6,9200
2019-10-27,9241.71,9749.53,9112.54,9551.71,32593129501,1.72E+11,145.77,106.6,9200
2019-10-28,9565.1,9805.12,9256.15,9256.15,30948255332,1.67E+11,146.17,106.6,9660
2019-10-29,9248.44,9516.18,9232.65,9427.69,28426779937,1.70E+11,146.65,105,9750
2019-10-30,9422.46,9426.87,9085.37,9205.73,27706531577,1.66E+11,153.41,106.5,10750
2019-10-31,9202.46,9383.16,9028.72,9199.58,26583653947,1.66E+11,153.25,104.1,11750
2019-11-01,9193.99,9275.66,9132.05,9261.1,24324691031,1.67E+11,153.69,104.98,11750
2019-11-02,9259.78,9377.49,9249.59,9324.72,21242676385,1.68E+11,153.69,102.81,11750
2019-11-03,9324.79,9379.81,9141.25,9235.35,21132220847,1.66E+11,153.69,102.81,11750
2019-11-04,9235.61,9505.05,9191.49,9412.61,26170255634,1.70E+11,153.51,102.81,15250
2019-11-05,9413,9457.42,9256.93,9342.53,26198609048,1.68E+11,155,100.99,12250
2019-11-06,9340.86,9423.24,9305.91,9360.88,23133895765,1.69E+11,154.96,100.63,13300
2019-11-07,9352.39,9368.48,9202.35,9267.56,22700383839,1.67E+11,155.78,100.47,12500
2019-11-08,9265.37,9272.76,8775.53,8804.88,24333037836,1.59E+11,156.13,101.42,12100
2019-11-09,8809.47,8891.82,8793.16,8813.58,17578630606,1.59E+11,156.13,102.67,12100
2019-11-10,8812.49,9103.83,8806.16,9055.53,20587919881,1.63E+11,156.13,102.67,12100
2019-11-11,9056.92,9081.28,8700.61,8757.79,20265510765,1.58E+11,155.92,102.67,11500
2019-11-12,8759.75,8853.77,8685.43,8815.66,20309769107,1.59E+11,158.06,102.03,11600
2019-11-13,8812.03,8836.84,8761.65,8808.26,17545755405,1.59E+11,156.96,102.12,11600
2019-11-14,8811.94,8826.94,8692.55,8708.1,19084739975,1.57E+11,156.64,103.73,12450
2019-11-15,8705.71,8730.87,8484.84,8491.99,21796856471,1.53E+11,156.4,104.2,12600
2019-11-16,8491.17,8592,8473.97,8550.76,16495389808,1.54E+11,156.4,103.66,12600
2019-11-17,8549.47,8727.79,8500.97,8577.98,18668638897,1.55E+11,156.4,103.66,12600
2019-11-18,8573.98,8653.28,8273.57,8309.29,21579470673,1.50E+11,155.23,103.66,12650
2019-11-19,8305.13,8408.52,8099.96,8206.15,21083613816,1.48E+11,157.49,104.95,12600
2019-11-20,8203.61,8237.24,8010.51,8027.27,20764300437,1.45E+11,154.02,104.09,12250
2019-11-21,8023.64,8110.1,7597.38,7642.75,22514243371,1.38E+11,149.5,102.55,13200
2019-11-22,7643.57,7697.38,6936.71,7296.58,34242315785,1.32E+11,151.6,101.77,12950
2019-11-23,7296.16,7442.26,7151.42,7397.8,21008924418,1.34E+11,151.6,104.45,12950
2019-11-24,7398.63,7408.58,7029.29,7047.92,30433517289,1.27E+11,151.6,104.45,12950
2019-11-25,7039.98,7319.86,6617.17,7146.13,42685231262,1.29E+11,152.76,104.45,10900
2019-11-26,7145.16,7320.23,7098.57,7218.37,21129505542,1.30E+11,152.4,106.2,10500
2019-11-27,7220.88,7619.69,6974.17,7531.66,23991412764,1.36E+11,152.62,107.75,10250
2019-11-28,7536.82,7730.07,7454.12,7463.11,19050116751,1.35E+11,152.62,108.01,10300
2019-11-29,7466.73,7781.18,7460.76,7761.24,19709695456,1.40E+11,150.33,108.01,9210
2019-11-30,7764.06,7836.1,7515.85,7569.63,17158194786,1.37E+11,150.33,106.21,9210
2019-12-01,7571.62,7571.62,7291.34,7424.29,18720708479,1.34E+11,150.33,106.21,9210
2019-12-02,7424.04,7474.82,7233.4,7321.99,17082040706,1.32E+11,150.08,106.21,9120
2019-12-03,7323.98,7418.86,7229.36,7320.15,14797485769,1.32E+11,149.98,105.59,8640
2019-12-04,7320.13,7539.78,7170.92,7252.03,21664240918,1.31E+11,151.6,105,8800
2019-12-05,7253.24,7743.43,7232.68,7448.31,18816085231,1.35E+11,149.86,104.59,8510
2019-12-06,7450.56,7547,7392.18,7547,18104466307,1.37E+11,151.6,104.34,8530
2019-12-07,7547.27,7589.95,7525.71,7556.24,15453520564,1.37E+11,151.6,103.78,8530
2019-12-08,7551.34,7634.61,7476.09,7564.35,15409908086,1.37E+11,151.6,103.78,8530
2019-12-09,7561.8,7618.09,7365.99,7400.9,17872021272,1.34E+11,152.3,103.78,8450
2019-12-10,7397.13,7424.02,7246.04,7278.12,18249031195,1.32E+11,152.7,103.62,8700
2019-12-11,7277.2,7324.16,7195.53,7217.43,16350490689,1.31E+11,150.47,105.51,8370
2019-12-12,7216.74,7266.64,7164.74,7243.13,18927080224,1.31E+11,146.85,105.67,8380
2019-12-13,7244.66,7293.56,7227.12,7269.68,17125736940,1.32E+11,145.35,107.65,8360
2019-12-14,7268.9,7308.84,7097.21,7124.67,17137029730,1.29E+11,145.35,109.57,8360
2019-12-15,7124.24,7181.08,6924.38,7152.3,16881129804,1.29E+11,145.35,109.57,8360
2019-12-16,7153.66,7171.17,6903.68,6932.48,20213265950,1.26E+11,146.53,109.57,8430
2019-12-17,6931.32,6964.07,6587.97,6640.52,22363804217,1.20E+11,147.35,108.46,8040
2019-12-18,6647.7,7324.98,6540.05,7276.8,31836522778,1.32E+11,145.82,107.83,8100
2019-12-19,7277.59,7346.6,7041.38,7202.84,25904604416,1.30E+11,145.95,108.88,7920
2019-12-20,7208.64,7257.92,7086.12,7218.82,22633815180,1.31E+11,145.2,108.75,7960
2019-12-21,7220.59,7223.23,7112.74,7191.16,19312552168,1.30E+11,145.2,108.61,7960
2019-12-22,7191.19,7518.03,7167.18,7511.59,23134537956,1.36E+11,145.2,108.61,7960
2019-12-23,7508.9,7656.18,7326.19,7355.63,27831788041,1.33E+11,144.33,108.61,7840
2019-12-24,7354.39,7535.72,7269.53,7322.53,22991622105,1.33E+11,144.4,108.61,7730
2019-12-25,7325.76,7357.02,7220.99,7275.16,21559505149,1.32E+11,144.4,108.69,7730
2019-12-26,7274.8,7388.3,7200.39,7238.97,22787010034,1.31E+11,145.05,109.75,7800
2019-12-27,7238.14,7363.53,7189.93,7290.09,22777360996,1.32E+11,144.76,109.4,7990
2019-12-28,7289.03,7399.04,7286.91,7317.99,21365673026,1.33E+11,144.76,107.97,7990
2019-12-29,7317.65,7513.95,7279.87,7422.65,22445257702,1.35E+11,144.76,107.97,7990
2019-12-30,7420.27,7454.82,7276.31,7293,22874131672,1.32E+11,142.02,107.97,7730
2019-12-31,7294.44,7335.29,7169.78,7193.6,21167946112,1.30E+11,142.63,108.17,7730
2020-01-01,7194.89,7254.33,7174.94,7200.17,18565664997,1.31E+11,142.63,110.75,7730
2020-01-02,7202.55,7212.16,6935.27,6985.47,20802083465,1.27E+11,144.31,110.75,8150
2020-01-03,6984.43,7413.72,6915,7344.88,28111481032,1.33E+11,143.57,108.76,8050
2020-01-04,7345.38,7427.39,7309.51,7410.66,18444271275,1.34E+11,143.57,110.17,8050
2020-01-05,7410.45,7544.5,7400.54,7411.32,19725074095,1.34E+11,143.57,110.17,8050
2020-01-06,7410.45,7781.87,7409.29,7769.22,23276261598,1.41E+11,144.25,110.17,8530
2020-01-07,7768.68,8178.22,7768.23,8163.69,28767291327,1.48E+11,143.87,109.67,8430
2020-01-08,8161.94,8396.74,7956.77,8079.86,31672559265,1.47E+11,143.71,111.82,8810
2020-01-09,8082.3,8082.3,7842.4,7879.07,24045990466,1.43E+11,143.5,112.57,8330
2020-01-10,7878.31,8166.55,7726.77,8166.55,28714583844,1.48E+11,142.39,112.93,8160
2020-01-11,8162.19,8218.36,8029.64,8037.54,25521165085,1.46E+11,142.39,115.28,8160
2020-01-12,8033.26,8200.06,8009.06,8192.49,22903438381,1.49E+11,142.39,115.28,8160
2020-01-13,8189.77,8197.79,8079.7,8144.19,22482910688,1.48E+11,144.59,115.28,8380
2020-01-14,8140.93,8879.51,8140.93,8827.76,44841784107,1.60E+11,144.77,114.64,8840
2020-01-15,8825.34,8890.12,8657.19,8807.01,40102834650,1.60E+11,146.27,114.85,8770
2020-01-16,8812.48,8846.46,8612.1,8723.79,31313981931,1.58E+11,146.72,115.4,8750
2020-01-17,8725.21,8958.12,8677.32,8929.04,36372139320,1.62E+11,146.74,116.04,9250
2020-01-18,8927.21,9012.2,8827.33,8942.81,32337772627,1.62E+11,146.74,116.15,9250
2020-01-19,8941.45,9164.36,8620.08,8706.25,34217320471,1.58E+11,146.74,116.15,9250
2020-01-20,8704.63,8745.59,8560.47,8657.64,26422375678,1.57E+11,146.74,116.15,9000
2020-01-21,8658.99,8755.71,8544.52,8745.89,24097418512,1.59E+11,145.95,116.15,8770
2020-01-22,8744.21,8792.99,8636.75,8680.88,22600204051,1.58E+11,145.92,115.5,8640
2020-01-23,8680.65,8687.75,8333.64,8406.52,25770680779,1.53E+11,145.74,117.89,8640
2020-01-24,8405.57,8514.67,8266.84,8445.43,24397913026,1.54E+11,143.16,116.98,8640
2020-01-25,8440.12,8458.45,8296.22,8367.85,19647331549,1.52E+11,143.16,115.24,8640
2020-01-26,8364.41,8602.4,8325.5,8596.83,22177678796,1.56E+11,143.16,115.24,8640
2020-01-27,8597.31,8977.73,8597.31,8909.82,28647338393,1.62E+11,142.53,115.24,8640
2020-01-28,8912.52,9358.59,8908.45,9358.59,34398744403,1.70E+11,144,116.52,8260
2020-01-29,9357.47,9406.43,9269.47,9316.63,30682598115,1.69E+11,152.6,116.66,8300
2020-01-30,9316.02,9553.13,9230.9,9508.99,32378792851,1.73E+11,152.7,117.12,8000
2020-01-31,9508.31,9521.71,9230.78,9350.53,29432489719,1.70E+11,152.03,113.89,7600
2020-02-01,9346.36,9439.32,9313.24,9392.88,25922656496,1.71E+11,152.03,116.51,7600
2020-02-02,9389.82,9468.8,9217.82,9344.37,30835736946,1.70E+11,152.03,116.51,7600
2020-02-03,9344.68,9540.37,9248.63,9293.52,30934096509,1.69E+11,149.48,116.51,7750
2020-02-04,9292.84,9331.27,9112.81,9180.96,29893183716,1.67E+11,151.81,120.08,6820
2020-02-05,9183.42,9701.3,9163.7,9613.42,35222060874,1.75E+11,152.84,119.72,7100
2020-02-06,9617.82,9824.62,9539.82,9729.8,37628823716,1.77E+11,152.24,119.89,7100
2020-02-07,9726,9834.72,9726,9795.94,34522718159,1.78E+11,152.66,118.88,7130
2020-02-08,9793.07,9876.75,9678.91,9865.12,35172043762,1.80E+11,152.66,120.06,7130
2020-02-09,9863.89,10129.44,9850.39,10116.67,35807884663,1.84E+11,152.66,120.06,7130
2020-02-10,10115.56,10165.77,9784.56,9856.61,39386548075,1.79E+11,151.45,120.06,7030
2020-02-11,9855.89,10210.05,9729.33,10208.24,37648059389,1.86E+11,152.1,118.84,6980
2020-02-12,10202.39,10393.61,10202.39,10326.05,43444303830,1.88E+11,149.84,118.56,7260
2020-02-13,10323.96,10457.63,10116.16,10214.38,49356071373,1.86E+11,148.07,120.51,7280
2020-02-14,10211.55,10322,10125.53,10312.12,43338264162,1.88E+11,148.84,122.99,7200
2020-02-15,10313.86,10341.56,9874.43,9889.42,43865054831,1.80E+11,148.84,122.27,7200
2020-02-16,9889.18,10053.97,9722.39,9934.43,43374780305,1.81E+11,148.84,122.27,7200
2020-02-17,9936.56,9938.82,9507.64,9690.14,45998298413,1.77E+11,148.84,122.27,7100
2020-02-18,9691.23,10161.94,9632.38,10142,47271023953,1.85E+11,147.97,122.27,6980
2020-02-19,10143.8,10191.68,9611.22,9633.39,46992019710,1.76E+11,149.6,123.91,7180
2020-02-20,9629.33,9643.22,9507.9,9608.48,44925260237,1.75E+11,149.8,122.43,6950
2020-02-21,9611.78,9723.01,9589.74,9686.44,40930547513,1.77E+11,149.95,119.49,6920
2020-02-22,9687.71,9698.23,9600.73,9663.18,35838025154,1.76E+11,149.95,116.44,6920
2020-02-23,9663.32,9937.4,9657.79,9924.52,41185185761,1.81E+11,149.95,116.44,6920
2020-02-24,9921.58,9951.75,9537.04,9650.17,45080496648,1.76E+11,145.88,116.44,6450
2020-02-25,9651.31,9652.74,9305.02,9341.71,42515259129,1.70E+11,140.05,109.66,6960
2020-02-26,9338.29,9354.78,8704.43,8820.52,50420050762,1.61E+11,140.12,109.11,6940
2020-02-27,8825.09,8932.89,8577.2,8784.49,45470195695,1.60E+11,136.22,107.84,6610
2020-02-28,8788.73,8890.46,8492.93,8672.46,44605450443,1.58E+11,135.16,107.99,6310
2020-02-29,8671.21,8775.63,8599.51,8599.51,35792392544,1.57E+11,135.16,112.86,6310
2020-03-01,8599.76,8726.8,8471.21,8562.45,35349164300,1.56E+11,135.16,112.86,6310
2020-03-02,8563.26,8921.31,8532.63,8869.67,42857674409,1.62E+11,136.72,112.86,6580
2020-03-03,8865.39,8901.6,8704.99,8787.79,42386715821,1.60E+11,134.39,109.76,6550
2020-03-04,8788.54,8843.37,8712.43,8755.25,34746706368,1.60E+11,136.17,115.3,6740
2020-03-05,8760.29,9142.05,8757.25,9078.76,39698054597,1.66E+11,136.88,112.18,6940
2020-03-06,9078.31,9167.7,9032.08,9122.55,40826885651,1.67E+11,136.28,110.89,6700
2020-03-07,9121.6,9163.22,8890.74,8909.95,36216930370,1.63E+11,136.28,101.63,6700
2020-03-08,8908.21,8914.34,8105.25,8108.12,39973102121,1.48E+11,136.28,101.63,6700
2020-03-09,8111.15,8177.79,7690.1,7923.64,46936995808,1.45E+11,129.43,101.63,6040
2020-03-10,7922.15,8136.95,7814.76,7909.73,42213940994,1.44E+11,129.98,109.74,6130
2020-03-11,7910.09,7950.81,7642.81,7911.43,38682762605,1.45E+11,124.15,103.9,5710
2020-03-12,7913.62,7929.12,4860.35,4970.79,53980357243,90804613601,108.53,96.96,5450
2020-03-13,5017.83,5838.11,4106.98,5563.71,74156772075,1.02E+11,111.33,110.15,5050
2020-03-14,5573.08,5625.23,5125.07,5200.37,36154506008,95014981944,111.33,92.72,5050
2020-03-15,5201.07,5836.65,5169.28,5392.31,33997889639,98530059890,111.33,92.72,5050
2020-03-16,5385.23,5385.23,4575.36,5014.48,45368026430,91633478850,106.66,92.72,4650
2020-03-17,5002.58,5371.35,4981.91,5225.63,38622642935,95499941183,109.36,97.87,4690
2020-03-18,5227.11,5331.83,5069.34,5238.44,37878801016,95740715529,92.2,91.46,4170
2020-03-19,5245.42,6329.74,5236.97,6191.19,51000731797,1.13E+11,105.38,93.69,3330
2020-03-20,6191.65,6844.26,5865.78,6198.78,54442976103,1.13E+11,100.74,86.68,4325
2020-03-21,6206.52,6378.14,5932.82,6185.07,42494390880,1.13E+11,100.74,85.26,4325
2020-03-22,6185.56,6359.7,5823.71,5830.25,40099664740,1.07E+11,100.74,85.26,4325
2020-03-23,5831.37,6443.93,5785,6416.31,46491916000,1.17E+11,102.47,85.26,4215
2020-03-24,6436.64,6789.02,6411.07,6734.8,48221910672,1.23E+11,106.89,97.29,4430
2020-03-25,6738.72,6892.51,6536.93,6681.06,44590107888,1.22E+11,104.13,95.71,4530
2020-03-26,6675.17,6735.46,6590.96,6716.44,35319797642,1.23E+11,110.54,100.63,4575
2020-03-27,6719.39,6793.84,6466.7,6469.8,34585598367,1.18E+11,106.31,93.48,4565
2020-03-28,6467.25,6467.5,6117.84,6242.19,34885225901,1.14E+11,106.31,97.03,4565
2020-03-29,6245.62,6250.47,5920.09,5922.04,28373690931,1.08E+11,106.31,97.03,4565
2020-03-30,5925.54,6517.2,5903.23,6429.84,37101651525,1.18E+11,110.24,97.03,4445
2020-03-31,6430.61,6504.52,6374.16,6438.64,32786468812,1.18E+11,118.1,95.74,4565
2020-04-01,6437.32,6612.57,6202.37,6606.78,40346426266,1.21E+11,113.39,91.38,4610
2020-04-02,6606.78,7088.25,6595.92,6793.62,47660646124,1.24E+11,114.49,93.52,4780
2020-04-03,6797.4,7003.22,6673.34,6733.39,38976504903,1.23E+11,112.23,92.39,4840
2020-04-04,6738.38,6878.95,6696.48,6867.53,33185988584,1.26E+11,112.23,101.67,4840
2020-04-05,6862.54,6883.41,6715.93,6791.13,29510409856,1.24E+11,112.23,101.67,4840
2020-04-06,6788.05,7271.78,6782.89,7271.78,46896904615,1.33E+11,116.03,101.67,5430
2020-04-07,7273.64,7427.94,7136.71,7176.41,44243482668,1.31E+11,117.71,100.28,6200
2020-04-08,7179.28,7356.22,7153.31,7334.1,37563249549,1.34E+11,123,105.06,6020
2020-04-09,7337.97,7341.45,7179.09,7302.09,34815139178,1.34E+11,125.42,105.84,6080
2020-04-10,7303.82,7303.82,6802.47,6865.49,43622840992,1.26E+11,125.42,105.98,5700
2020-04-11,6867.44,6926.07,6789.92,6859.08,31222085946,1.26E+11,125.42,105.98,5700
2020-04-12,6858.07,7119.95,6811.08,6971.09,35759567632,1.28E+11,125.42,105.98,5700
2020-04-13,6965.62,6965.62,6668.26,6845.04,38619308647,1.25E+11,122.09,105.98,5350
2020-04-14,6843.28,6958.56,6793.82,6842.43,34110434052,1.25E+11,126.5,109.79,5370
2020-04-15,6845.56,6928.66,6633.4,6642.11,32288311031,1.22E+11,122.6,107.95,5370
2020-04-16,6640.45,7134.45,6555.5,7116.8,46783242377,1.30E+11,124.13,108.31,5500
2020-04-17,7116.55,7167.18,7050.33,7096.18,32513423567,1.30E+11,126.53,111.85,5780
2020-04-18,7092.29,7269.96,7089.25,7257.66,32447188386,1.33E+11,126.53,112.17,5780
2020-04-19,7260.92,7280.52,7167.05,7189.42,31311210215,1.32E+11,126.53,112.17,5780
2020-04-20,7186.87,7240.29,6835.5,6881.96,37747113936,1.26E+11,126.92,112.17,5810
2020-04-21,6879.78,6934.55,6834.44,6880.32,32589741511,1.26E+11,122.71,107.54,5630
2020-04-22,6879.44,7145.87,6867.78,7117.21,33249153866,1.31E+11,125.01,115.19,5890
2020-04-23,7121.31,7491.78,7081.59,7429.72,43500782316,1.36E+11,125.98,115.24,6030
2020-04-24,7434.18,7574.2,7434.18,7550.9,34636526286,1.39E+11,125.55,120.18,5740
2020-04-25,7550.48,7641.36,7521.67,7569.94,32941541447,1.39E+11,125.55,120.53,5740
2020-04-26,7570.14,7700.59,7561.41,7679.87,33070154491,1.41E+11,125.55,120.53,5740
2020-04-27,7679.42,7795.6,7679.42,7795.6,36162144725,1.43E+11,129.23,120.53,6030
2020-04-28,7796.97,7814.53,7730.81,7807.06,33187959921,1.43E+11,128.85,116.14,6750
2020-04-29,7806.71,8871.75,7786.05,8801.04,60201052203,1.62E+11,127.48,123.58,6620
2020-04-30,8797.67,9440.65,8533.26,8658.55,66964629541,1.59E+11,126.33,123,6620
2020-05-01,8672.78,9048.02,8667.76,8864.77,44068389997,1.63E+11,122.59,120.61,6620
2020-05-02,8869.06,9007.19,8811.37,8988.6,40134388683,1.65E+11,122.59,123.66,6620
2020-05-03,8983.61,9167.78,8830.97,8897.47,47101785174,1.63E+11,122.59,123.66,6620
2020-05-04,8895.74,8956.91,8645.02,8912.65,45718796276,1.64E+11,118.55,123.66,6780
2020-05-05,8912.83,9062.41,8856.83,9003.07,43148462663,1.65E+11,120.81,125.43,6780
2020-05-06,9007.44,9411.47,8966.71,9268.76,49371886931,1.70E+11,122,128.31,6790
2020-05-07,9261.9,9992.66,9138.32,9951.52,61112700562,1.83E+11,123.48,146.29,7120
2020-05-08,9936.16,9996.74,9767.17,9842.67,51780748042,1.81E+11,124.67,144.96,7460
2020-05-09,9840.91,9913.86,9580.64,9593.9,46566121841,1.76E+11,124.67,143.96,7460
2020-05-10,9591.17,9595.58,8395.11,8756.43,63325279337,1.61E+11,124.67,143.96,7460
2020-05-11,8755.54,9033.47,8374.32,8601.8,57119858802,1.58E+11,123.82,143.96,6920
2020-05-12,8610.39,8949.9,8569.64,8804.48,42142717533,1.62E+11,120.11,141.03,6850
2020-05-13,8805.39,9317.88,8805.39,9269.99,45558144023,1.70E+11,114.95,143.73,6810
2020-05-14,9271.33,9793.27,9255.03,9733.72,56426907637,1.79E+11,113.21,144.41,7120
2020-05-15,9734.29,9755.83,9261.4,9328.2,48158802327,1.71E+11,115.58,145.51,7050
2020-05-16,9333.24,9564.2,9260.69,9377.01,36164766408,1.72E+11,115.58,146.24,7050
2020-05-17,9374.93,9823,9349.55,9670.74,40084250663,1.78E+11,115.58,146.24,7050
2020-05-18,9675.69,9906.03,9570.36,9726.57,41827139896,1.79E+11,120.13,146.24,7200
2020-05-19,9727.06,9836.05,9539.62,9729.04,39254288955,1.79E+11,119.06,145.39,7180
2020-05-20,9725.33,9804.79,9447.2,9522.98,36546239703,1.75E+11,121.24,150.94,7220
2020-05-21,9522.74,9555.24,8869.93,9081.76,39326160532,1.67E+11,120.72,148.22,7070
2020-05-22,9080.33,9232.94,9008.64,9182.58,29810773699,1.69E+11,122.37,150.86,6820
2020-05-23,9185.06,9302.5,9118.11,9209.29,27727866812,1.69E+11,122.37,147,6820
2020-05-24,9212.28,9288.4,8787.25,8790.37,32518803300,1.62E+11,122.37,147,6820
2020-05-25,8786.11,8951.01,8719.67,8906.93,31288157264,1.64E+11,122.37,147,6680
2020-05-26,8909.59,8991.97,8757.29,8835.05,29584186947,1.62E+11,124.71,147,6870
2020-05-27,8837.38,9203.32,8834.16,9181.02,32740536902,1.69E+11,125.92,145.96,6730
2020-05-28,9184.94,9546.32,9148.46,9525.75,34367073114,1.75E+11,125.34,148.79,6720
2020-05-29,9528.36,9573.67,9379.34,9439.12,32896642044,1.74E+11,124.48,155.01,6830
2020-05-30,9438.91,9704.03,9366.73,9700.41,32722975141,1.78E+11,124.48,154.53,6830
2020-05-31,9700.11,9700.34,9432.3,9461.06,27773290299,1.74E+11,124.48,154.53,6830
2020-06-01,9463.61,10199.56,9450.9,10167.27,35198901068,1.87E+11,122.6,154.53,6850
2020-06-02,10162.97,10182.34,9460.57,9529.8,39137252109,1.75E+11,121.09,157.49,6990
2020-06-03,9533.76,9682.86,9471.85,9656.72,25007459262,1.78E+11,129.63,156.78,6810
2020-06-04,9655.85,9887.61,9525.25,9800.64,25921805072,1.80E+11,125.3,154.6,6810
2020-06-05,9800.22,9869.24,9663.22,9665.53,23509628646,1.78E+11,125.21,156,6880
2020-06-06,9664.9,9773.43,9591.02,9653.68,20438419222,1.78E+11,125.21,156.09,6880
2020-06-07,9653,9768.5,9458.15,9758.85,25015250846,1.80E+11,125.21,156.09,6880
2020-06-08,9760.06,9782.31,9675.89,9771.49,21486346312,1.80E+11,126.36,156.09,7040
2020-06-09,9774.36,9836.37,9664.72,9795.7,23717842783,1.80E+11,125.68,156.86,6800
2020-06-10,9794.12,9908.9,9728.29,9870.09,25706567601,1.82E+11,123.92,159.91,6730
2020-06-11,9870.08,9938.3,9263.07,9321.78,30247143440,1.72E+11,117.34,153.04,6370
2020-06-12,9320.69,9540.47,9285.85,9480.84,22610564515,1.74E+11,118.02,155.26,6160
2020-06-13,9480.74,9493.21,9396.01,9475.28,17564322315,1.74E+11,118.02,157.55,6160
2020-06-14,9477.55,9482.27,9347.59,9386.79,18991732746,1.73E+11,118.02,157.55,6160
2020-06-15,9386.04,9504.86,8990.18,9450.7,26699704768,1.74E+11,122.67,157.55,5350
2020-06-16,9454.27,9579.43,9400.45,9538.02,21565537209,1.76E+11,121.96,161.22,5640
2020-06-17,9533.78,9540.42,9327.34,9480.26,20177709879,1.75E+11,121.73,163.83,5700
2020-06-18,9481.57,9482.78,9328.4,9411.84,17770083003,1.73E+11,119.46,168.05,5830
2020-06-19,9410.29,9440.88,9274.3,9288.02,19632223107,1.71E+11,118.19,164.36,5800
2020-06-20,9290.96,9394.97,9247.38,9332.34,17130541557,1.72E+11,118.19,170.26,5800
2020-06-21,9330.93,9401.11,9300.43,9303.63,15324301169,1.71E+11,118.19,170.26,5800
2020-06-22,9300.92,9655.07,9296.87,9648.72,21104009514,1.78E+11,118.71,170.26,5840
2020-06-23,9644.08,9670.54,9547.25,9629.66,17006433272,1.77E+11,117.54,172.79,6130
2020-06-24,9632.15,9680.37,9278.23,9313.61,18961716076,1.71E+11,114.38,168,6650
2020-06-25,9314.13,9340.16,9095.32,9264.81,18616048626,1.71E+11,117.79,172.5,6260
2020-06-26,9260.99,9310.52,9101.74,9162.92,18341465837,1.69E+11,116,170.87,6120
2020-06-27,9167.82,9207.81,8998.22,9045.39,17273093144,1.67E+11,116,168.35,6120
2020-06-28,9048.46,9197.55,8975.53,9143.58,14560870760,1.68E+11,116,168.35,6120
2020-06-29,9140.03,9237.57,9041.88,9190.85,16460547078,1.69E+11,118.5,168.35,6240
2020-06-30,9185.58,9217.84,9084.84,9137.99,15735797744,1.68E+11,118.29,174.23,6130
2020-07-01,9145.99,9309.75,9104.73,9228.33,15971550355,1.70E+11,117.8,177.43,5960
2020-07-02,9231.14,9274.96,9036.62,9123.41,16338916796,1.68E+11,117.35,177.21,5970
2020-07-03,9124.84,9202.34,9058.79,9087.3,13078970999,1.67E+11,117.35,176.18,6090
2020-07-04,9084.23,9183.3,9053.63,9132.49,12290528515,1.68E+11,117.35,176.18,6090
2020-07-05,9126.09,9162.18,8977.02,9073.94,12903406143,1.67E+11,117.35,176.18,6090
2020-07-06,9072.85,9375.47,9058.66,9375.47,17889263252,1.73E+11,119.75,176.18,6220
2020-07-07,9349.16,9360.62,9201.82,9252.28,13839652595,1.70E+11,118.09,177.28,6250
2020-07-08,9253.02,9450.34,9249.5,9428.33,19702359883,1.74E+11,118.22,181.57,6200
2020-07-09,9427.99,9431.38,9235,9277.97,18000702524,1.71E+11,117.37,183.23,6250
2020-07-10,9273.36,9287.47,9118,9278.81,16860035605,1.71E+11,117.66,178.4,6140
2020-07-11,9277.51,9293.53,9199.49,9240.35,13249910444,1.70E+11,117.66,171.51,6140
2020-07-12,9241.06,9319.42,9197.45,9276.5,14452361907,1.71E+11,117.66,171.51,6140
2020-07-13,9277.2,9306.4,9224.29,9243.61,17519821266,1.70E+11,115.79,171.51,6230
2020-07-14,9238.7,9283.84,9171.66,9243.21,18085038362,1.70E+11,116.66,172.3,6060
2020-07-15,9241.9,9275.33,9171.93,9192.84,15844731575,1.69E+11,120.45,172.06,6060
2020-07-16,9191.98,9214.31,9088.95,9132.23,15713967523,1.68E+11,118.46,169.81,5900
2020-07-17,9131.81,9182.25,9089.2,9151.39,13944570750,1.69E+11,118.34,173.92,5950
2020-07-18,9151.18,9230.98,9100.82,9159.04,12252601475,1.69E+11,118.34,178.82,5950
2020-07-19,9158.01,9201.4,9097.63,9185.82,12939002784,1.69E+11,118.34,178.82,5950
2020-07-20,9187.22,9214.27,9137.51,9164.23,13755604146,1.69E+11,120.51,178.82,5930
2020-07-21,9162.51,9407.26,9149.39,9374.89,18069581956,1.73E+11,121.04,175.58,5980
2020-07-22,9375.08,9530.52,9319.65,9525.36,16532254884,1.76E+11,121.21,178.42,6050
2020-07-23,9527.14,9610.25,9483,9581.07,18146399002,1.77E+11,119.76,173.86,6020
2020-07-24,9585.51,9623.34,9481.45,9536.89,16552768325,1.76E+11,116.95,172.56,5940
2020-07-25,9539.49,9704.56,9530.21,9677.11,16610070933,1.78E+11,116.95,177.98,5940
2020-07-26,9680.23,10023.81,9652.85,9905.17,20507998997,1.83E+11,116.95,177.98,5940
2020-07-27,9905.22,11298.22,9903.97,10990.87,35359749590,2.03E+11,117.66,177.98,6300
2020-07-28,11017.46,11204.33,10632.63,10912.82,28766551142,2.01E+11,117.81,176.27,6710
2020-07-29,10912.95,11304.4,10856.14,11100.47,24617249715,2.05E+11,122.74,184.6,6800
2020-07-30,11099.83,11169.36,10895.46,11111.21,22857247901,2.05E+11,122.15,192.51,6830
2020-07-31,11110.21,11415.86,10987.05,11323.47,23160469766,2.09E+11,123.92,196.07,6740
2020-08-01,11322.57,11794.78,11239.68,11759.59,26075670303,2.17E+11,123.92,197.07,6740
2020-08-02,11758.76,12034.14,11018.13,11053.61,27410067336,2.04E+11,123.92,197.07,6740
2020-08-03,11043.77,11453.08,11012.41,11246.35,20271713443,2.08E+11,123.66,197.07,7070
2020-08-04,11246.2,11385.38,11094.15,11205.89,21250197042,2.07E+11,123.32,197.33,7060
2020-08-05,11203.82,11786.62,11158.29,11747.02,24411254471,2.17E+11,123.95,202.91,6940
2020-08-06,11749.87,11902.34,11598.71,11779.77,23400740340,2.17E+11,123.35,204.09,7000
2020-08-07,11778.89,11898.04,11408.59,11601.47,23132312867,2.14E+11,123.39,198.63,7670
2020-08-08,11604.55,11800.06,11558.43,11754.05,17572057837,2.17E+11,123.39,193.32,7670
2020-08-09,11737.33,11806.06,11548.78,11675.74,17489608833,2.15E+11,123.39,193.32,7670
2020-08-10,11662.26,12045.14,11662.26,11878.11,26114112569,2.19E+11,123.62,193.32,7700
2020-08-11,11881.65,11932.71,11195.71,11410.53,27039782640,2.11E+11,134.89,189.03,7480
2020-08-12,11404.6,11748.4,11249.61,11584.93,25064548486,2.14E+11,137.04,191.32,6960
2020-08-13,11588.41,11796.4,11216.87,11784.14,27522199497,2.18E+11,137,193.07,6980
2020-08-14,11772.66,12150.99,11685.46,11768.87,24237958589,2.17E+11,146.63,191.46,6950
2020-08-15,11768.7,11963.2,11768.7,11865.7,23354924400,2.19E+11,146.63,196.29,6950
2020-08-16,11866.69,11934.9,11737.19,11892.8,20583375490,2.20E+11,146.63,196.29,6950
2020-08-17,11895.66,12359.06,11806.7,12254.4,28227687027,2.26E+11,143.84,196.29,6950
2020-08-18,12251.9,12335.71,11954.53,11991.23,26043227672,2.21E+11,143.14,194.57,6710
2020-08-19,11990.88,12028.92,11687.33,11758.28,24502851117,2.17E+11,141.67,192.44,6630
2020-08-20,11761.5,11900.41,11710.06,11878.37,20175242945,2.19E+11,144.14,198.18,6400
2020-08-21,11878.03,11899.26,11564.98,11592.49,23762425999,2.14E+11,145.08,196.79,6400
2020-08-22,11585.48,11689.41,11448.81,11681.83,20224191306,2.16E+11,145.08,198.88,6400
2020-08-23,11679.7,11713.43,11559.92,11664.85,18482062658,2.15E+11,145.08,198.88,6400
2020-08-24,11663.69,11807.63,11623.25,11774.6,20681511755,2.17E+11,148.58,198.88,6270
2020-08-25,11773.59,11778.3,11189.85,11366.14,26301509932,2.10E+11,146.96,201.67,6380
2020-08-26,11366.89,11530.05,11296.99,11488.36,22466660958,2.12E+11,146.06,203.48,6230
2020-08-27,11485.61,11570.79,11185.94,11323.4,23240415076,2.09E+11,146.52,204.34,6230
2020-08-28,11325.3,11545.62,11316.42,11542.5,19807127588,2.13E+11,146.89,204.48,6240
2020-08-29,11541.05,11585.64,11466.29,11506.87,17485597759,2.13E+11,146.89,204.14,6240
2020-08-30,11508.71,11715.26,11492.38,11711.51,19760127945,2.16E+11,146.89,204.14,6240
2020-08-31,11713.31,11768.88,11598.32,11680.82,22285928250,2.16E+11,144.44,204.14,6300
2020-09-01,11679.32,12067.08,11601.13,11970.48,27311555343,2.21E+11,148.82,208.93,6500
2020-09-02,11964.82,11964.82,11290.79,11414.03,28037405299,2.11E+11,150,210.82,6480
2020-09-03,11407.19,11443.02,10182.47,10245.3,31927261555,1.89E+11,144.28,204.99,6260
2020-09-04,10230.37,10663.92,10207.94,10511.81,29965130374,1.94E+11,142.19,191.84,5990
2020-09-05,10512.53,10581.57,9946.68,10169.57,44916565292,1.88E+11,142.19,185.95,5990
2020-09-06,10167.22,10353.93,10056.89,10280.35,37071460174,1.90E+11,142.19,185.95,5990
2020-09-07,10281,10399.15,9916.49,10369.56,33703098409,1.92E+11,142.19,185.95,6010
2020-09-08,10369.31,10414.78,9945.11,10131.52,33430927462,1.87E+11,138.82,185.95,6000
2020-09-09,10134.15,10350.54,10017.25,10242.35,24128292755,1.89E+11,141.15,194.6,5880
2020-09-10,10242.33,10503.91,10238.14,10363.14,54406443211,1.92E+11,139.72,190.09,5920
2020-09-11,10369.03,10434.92,10140.84,10400.91,45201121775,1.92E+11,141.13,184,6090
2020-09-12,10409.86,10578.84,10292.39,10442.17,36750077324,1.93E+11,141.13,186.96,6090
2020-09-13,10452.4,10577.22,10224.33,10323.76,36506852789,1.91E+11,141.13,186.96,6090
2020-09-14,10328.73,10800.01,10266.01,10680.84,35453581940,1.97E+11,142.62,186.96,6010
2020-09-15,10677.75,10938.63,10656.46,10796.95,32509451925,2.00E+11,155.75,186.02,6030
2020-09-16,10797.76,11100.12,10704.88,10974.9,30769986455,2.03E+11,174.9,180.91,5980
2020-09-17,10973.25,11037.42,10774.63,10948.99,38151810523,2.02E+11,163.61,175.79,5980
2020-09-18,10951.82,11034.91,10829.66,10944.59,26341903912,2.02E+11,159.59,176.07,5900
2020-09-19,10933.75,11134.09,10909.62,11094.35,22764204008,2.05E+11,159.59,183.21,5900
2020-09-20,11095.87,11095.87,10814.48,10938.27,24699523788,2.02E+11,159.59,183.21,5900
2020-09-21,10934.93,10988.3,10380.26,10462.26,28884999244,1.94E+11,152.16,183.21,5810
2020-09-22,10459.62,10568.08,10382.73,10538.46,23621787804,1.95E+11,154.25,187.78,5660
2020-09-23,10535.49,10537.83,10197.86,10246.19,23788661867,1.90E+11,148.28,181.61,5550
2020-09-24,10248.79,10771.06,10231.49,10760.07,47144380902,1.99E+11,146.06,182.19,5570
2020-09-25,10761.11,10777.7,10578.91,10692.72,39348590957,1.98E+11,146.13,187.25,5860
2020-09-26,10695.58,10773,10667.28,10750.72,46852525493,1.99E+11,146.13,192.02,5860
2020-09-27,10746.89,10803.98,10622.92,10775.27,53745972818,1.99E+11,146.13,192.02,5860
2020-09-28,10776.61,10945.35,10703.89,10709.65,47762394731,1.98E+11,151.46,192.02,5810
2020-09-29,10709.65,10860,10649.5,10844.64,46582396602,2.01E+11,149.69,194.5,5850
2020-09-30,10843.87,10847.26,10669.32,10784.49,44171073700,2.00E+11,150.56,197.03,5850
2020-10-01,10795.25,10933.62,10472.36,10619.45,40023134100,1.97E+11,148.96,196.94,5850
2020-10-02,10619.82,10657.84,10416.69,10575.98,48661453918,1.96E+11,146.46,191.91,5850
2020-10-03,10575.1,10598.94,10511.13,10549.33,44660271563,1.95E+11,146.46,196.85,5850
2020-10-04,10550.44,10686,10534.39,10669.58,71251776995,1.97E+11,146.46,196.85,5850
2020-10-05,10676.53,10793.51,10634.6,10793.34,47537578009,2.00E+11,148.21,196.85,5800
2020-10-06,10796.31,10797.58,10528.89,10604.41,42623695307,1.96E+11,150.04,191.66,5870
2020-10-07,10603.36,10680.51,10562.51,10668.97,37799458436,1.97E+11,153.09,194.61,5940
2020-10-08,10669.37,10945.74,10562.61,10915.69,63314794397,2.02E+11,163.94,193.06,5920
2020-10-09,10927.91,11102.67,10846.85,11064.46,22799117613,2.05E+11,164.73,197.27,5920
2020-10-10,11059.14,11442.21,11056.94,11296.36,22877978588,2.09E+11,164.73,201.51,5920
2020-10-11,11296.08,11428.81,11288.63,11384.18,19968627060,2.11E+11,164.73,201.51,5920
2020-10-12,11392.64,11698.47,11240.69,11555.36,26163972642,2.14E+11,166.46,201.51,6080
2020-10-13,11548.72,11548.98,11321.22,11425.9,24241420251,2.12E+11,166.08,207.74,6100
2020-10-14,11429.05,11539.98,11307.83,11429.51,24103426719,2.12E+11,164.24,203.6,6080
2020-10-15,11426.6,11569.91,11303.6,11495.35,24487233058,2.13E+11,165.97,203.14,5940
2020-10-16,11502.83,11540.06,11223.01,11322.12,25635480772,2.10E+11,164.7,204.45,5990
2020-10-17,11322.12,11386.26,11285.35,11358.1,19130430174,2.10E+11,164.7,200.06,5990
2020-10-18,11355.98,11483.36,11347.58,11483.36,18283314340,2.13E+11,164.7,200.06,5990
2020-10-19,11495.04,11799.09,11408.29,11742.04,23860769928,2.17E+11,164.14,200.06,6060
2020-10-20,11745.97,11999.92,11681.48,11916.34,30915821592,2.21E+11,169.07,201.96,5990
2020-10-21,11913.08,13184.57,11900.93,12823.69,43414712626,2.38E+11,181.05,213.07,6040
2020-10-22,12801.64,13161.59,12717.09,12965.89,34729759598,2.40E+11,183.05,203.93,7080
2020-10-23,12971.55,13015.96,12752.65,12931.54,28974975003,2.40E+11,184.3,203.04,6790
2020-10-24,12931.57,13145.07,12885.75,13108.06,24542317940,2.43E+11,184.3,197.22,6790
2020-10-25,13108.06,13329.18,12910.06,13031.17,24406920575,2.41E+11,184.3,197.22,6790
2020-10-26,13031.2,13225.3,12822.38,13075.25,29461458313,2.42E+11,175,197.22,6330
2020-10-27,13075.24,13759.67,13060.84,13654.22,33749878156,2.53E+11,175.58,200.43,6220
2020-10-28,13654.21,13837.7,12932.25,13271.29,35867318895,2.46E+11,162.15,192.31,6620
2020-10-29,13271.3,13612.05,12980.06,13437.88,56499499598,2.49E+11,161.96,195.04,6460
2020-10-30,13437.87,13651.52,13136.2,13546.52,30581485201,2.51E+11,167.07,186.13,6360
2020-10-31,13546.53,14028.21,13457.53,13780.99,30306464719,2.55E+11,167.07,187.76,6360
2020-11-01,13780.99,13862.03,13628.38,13737.11,24453857900,2.55E+11,167.07,187.76,6360
2020-11-02,13737.03,13808.32,13243.16,13550.49,30771455468,2.51E+11,166.57,187.76,6870
2020-11-03,13550.45,13984.98,13325.44,13950.3,29869951617,2.59E+11,171.95,179.81,6720
2020-11-04,13950.49,14218.77,13580.47,14133.71,35116364962,2.62E+11,172.53,194.29,6730
2020-11-05,14133.73,15706.4,14102.09,15579.85,40856321439,2.89E+11,181.68,204.56,7230
2020-11-06,15579.73,15903.44,15226.84,15565.88,39837841971,2.89E+11,185.62,202.73,7580
2020-11-07,15565.88,15737.1,14423.2,14833.75,35024953706,2.75E+11,185.62,184.72,7580
2020-11-08,14833.75,15637.32,14744.11,15479.57,26632075029,2.87E+11,185.62,184.72,7580
2020-11-09,15479.6,15785.14,14865.53,15332.32,34149115566,2.84E+11,185.01,184.72,7250
2020-11-10,15332.35,15450.33,15124.96,15290.9,25574938143,2.83E+11,186.14,183.36,7230
2020-11-11,15290.91,15916.26,15290.01,15701.34,29772374934,2.91E+11,192.16,192.34,6930
2020-11-12,15701.3,16305,15534.77,16276.34,34175758344,3.02E+11,186.94,189.1,6900
2020-11-13,16276.44,16463.18,15992.15,16317.81,31599492172,3.03E+11,192.27,188.62,6870
2020-11-14,16317.81,16317.81,15749.19,16068.14,27481710135,2.98E+11,192.27,191.94,6870
2020-11-15,16068.14,16123.11,15793.53,15955.59,23653867583,2.96E+11,192.27,191.94,6870
2020-11-16,15955.58,16816.18,15880.71,16716.11,31526766675,3.10E+11,203.93,191.94,6740
2020-11-17,16685.69,17782.92,16564.54,17645.41,39006849170,3.27E+11,208.2,192.3,7020
2020-11-18,17645.19,18393.95,17352.91,17804.01,49064800278,3.30E+11,212.96,190.12,7720
2020-11-19,17803.86,18119.55,17382.55,17817.09,36985055355,3.30E+11,217.11,190.9,8030
2020-11-20,17817.08,18773.23,17765.8,18621.31,36992873940,3.45E+11,222.11,192.67,7810
2020-11-21,18621.32,18936.62,18444.36,18642.23,39650210707,3.46E+11,222.11,200.82,7810
2020-11-22,18642.23,18688.97,17671.38,18370,41280434226,3.41E+11,222.11,200.82,7810
2020-11-23,18370.02,18711.43,18000.8,18364.12,42741112308,3.41E+11,220.76,200.82,8190
2020-11-24,18365.01,19348.27,18128.66,19107.46,51469565009,3.55E+11,247.23,206,10200
2020-11-25,19104.41,19390.97,18581.15,18732.12,43710357371,3.48E+11,270.28,214.46,10650
2020-11-26,18729.84,18866.29,16351.03,17150.62,61396835737,3.18E+11,270.28,211.39,10700
2020-11-27,17153.91,17445.02,16526.42,17108.4,38886494645,3.17E+11,271.26,211.39,10100
2020-11-28,17112.93,17853.94,16910.65,17717.42,32601040734,3.29E+11,271.26,214.12,10100
2020-11-29,17719.63,18283.63,17559.12,18177.48,31133957704,3.37E+11,271.26,214.12,10100
2020-11-30,18178.32,19749.26,18178.32,19625.84,47728480399,3.64E+11,342.77,214.12,10100
2020-12-01,19633.77,19845.98,18321.92,18803,49633658712,3.49E+11,324,216.54,10150
2020-12-02,18801.74,19308.33,18347.72,19201.09,37387697139,3.56E+11,321.32,212.56,9680
2020-12-03,19205.93,19566.19,18925.78,19445.4,31930317405,3.61E+11,331.6,214.54,9440
2020-12-04,19446.97,19511.4,18697.19,18699.77,33872388058,3.47E+11,328,217.77,9740
2020-12-05,18698.39,19160.45,18590.19,19154.23,27242455064,3.56E+11,328,217.93,9740
2020-12-06,19154.18,19390.5,18897.89,19345.12,25293775714,3.59E+11,328,217.93,9740
2020-12-07,19343.13,19411.83,18931.14,19191.63,26896357742,3.56E+11,336.22,217.93,9180
2020-12-08,19191.53,19283.48,18269.95,18321.14,31692288756,3.40E+11,289.45,216.94,9220
2020-12-09,18320.88,18626.29,17935.55,18553.92,34420373071,3.44E+11,286.21,210.8,8830
2020-12-10,18553.3,18553.3,17957.07,18264.99,25547132265,3.39E+11,290.33,215.34,8830
2020-12-11,18263.93,18268.45,17619.53,18058.9,27919640985,3.35E+11,285.92,214.06,8840
2020-12-12,18051.32,18919.55,18046.04,18803.66,21752580802,3.49E+11,285.92,220.79,8840
2020-12-13,18806.77,19381.54,18734.33,19142.38,25450468637,3.55E+11,285.92,220.79,8840
2020-12-14,19144.49,19305.1,19012.71,19246.64,22473997681,3.57E+11,279.53,220.79,9040
2020-12-15,19246.92,19525.01,19079.84,19417.08,26741982542,3.61E+11,285.79,221.6,9370
2020-12-16,19418.82,21458.91,19298.32,21310.6,44409011479,3.96E+11,299.12,230.2,9230
2020-12-17,21308.35,23642.66,21234.68,22805.16,71378606374,4.24E+11,297.8,235.51,9560
2020-12-18,22806.8,23238.6,22399.81,23137.96,40387896275,4.30E+11,301.2,236.45,9200
2020-12-19,23132.87,24085.86,22826.47,23869.83,38487546580,4.43E+11,301.2,237.72,9200
2020-12-20,23861.77,24209.66,23147.71,23477.3,37844228422,4.36E+11,301.2,237.72,9200
2020-12-21,23474.46,24059.98,22159.37,22803.08,45852713981,4.24E+11,317.6,237.72,8920
2020-12-22,22794.04,23789.9,22430.6,23783.03,44171632681,4.42E+11,331.5,243.49,8310
2020-12-23,23781.97,24024.49,22802.65,23241.34,51146161904,4.32E+11,337.18,239.44,8190
2020-12-24,23240.2,23768.34,22777.6,23735.95,41080759713,4.41E+11,322.61,238.64,7970
2020-12-25,23733.57,24710.1,23463.67,24664.79,42068395846,4.58E+11,322.61,235.73,7970
2020-12-26,24677.02,26718.07,24522.69,26437.04,48332647295,4.91E+11,322.61,235.73,7970
2020-12-27,26439.37,28288.84,25922.77,26272.29,66479895605,4.88E+11,322.61,235.73,7970
2020-12-28,26280.82,27389.11,26207.64,27084.81,49056742893,5.03E+11,370,235.73,7780
2020-12-29,27081.81,27370.72,25987.3,27362.44,45265946774,5.09E+11,366.07,231.03,7850
2020-12-30,27360.09,28937.74,27360.09,28840.95,51287442704,5.36E+11,389.97,231.51,7870
2020-12-31,28841.57,29244.88,28201.99,29001.72,46754964848,5.39E+11,388.55,234.2,7870
2021-01-01,28994.01,29600.63,28803.59,29374.15,40730301359,5.46E+11,388.55,231.92,7870
2021-01-02,29376.46,33155.12,29091.18,32127.27,67865420765,5.97E+11,388.55,231.92,7870
2021-01-03,32129.41,34608.56,32052.32,32782.02,78665235202,6.09E+11,388.55,231.92,7870
2021-01-04,32810.95,33440.22,28722.76,31971.91,81163475344,5.94E+11,425.22,231.92,8090
2021-01-05,31977.04,34437.59,30221.19,33992.43,67547324782,6.32E+11,428.63,234.91,7830
2021-01-06,34013.61,36879.7,33514.03,36824.36,75289433811,6.85E+11,480.55,226.83,8310
2021-01-07,36833.87,40180.37,36491.19,39371.04,84762141031,7.32E+11,535.75,235.04,8740
2021-01-08,39381.77,41946.74,36838.64,40797.61,88107519480,7.59E+11,531.64,242.46,10250
2021-01-09,40788.64,41436.35,38980.88,40254.55,61984162837,7.49E+11,531.64,237.5,10250
2021-01-10,40254.22,41420.19,35984.63,38356.44,79980747690,7.13E+11,531.64,237.5,10250
2021-01-11,38346.53,38346.53,30549.6,35566.66,1.23E+11,6.61E+11,495.49,237.5,10500
2021-01-12,35516.36,36568.53,32697.98,33922.96,74773277909,6.31E+11,514.24,237.64,9160
2021-01-13,33915.12,37599.96,32584.67,37316.36,69364315979,6.94E+11,519.26,244.9,8760
2021-01-14,37325.11,39966.41,36868.56,39187.33,63615990033,7.29E+11,631,242.06,8600
2021-01-15,39156.71,39577.71,34659.59,36825.37,67760757881,6.85E+11,578.07,239.79,8330
2021-01-16,36821.65,37864.37,35633.55,36178.14,57706187875,6.73E+11,578.07,247.25,8330
2021-01-17,36163.65,36722.35,34069.32,35791.28,52359854336,6.66E+11,578.07,247.25,8330
2021-01-18,35792.24,37299.29,34883.84,36630.08,49511702429,6.81E+11,578.07,247.25,8800
2021-01-19,36642.23,37755.89,36069.81,36069.81,57244195486,6.71E+11,592.21,247.25,8550
2021-01-20,36050.11,36378.33,33570.48,35547.75,66834573161,6.61E+11,550.82,244.26,8840
2021-01-21,35549.4,35552.68,30250.75,30825.7,75643067688,5.74E+11,520.46,248.64,9600
2021-01-22,30817.63,33811.85,28953.37,33005.76,77207272511,6.14E+11,577.03,252,9020
2021-01-23,32985.76,33360.98,31493.16,32067.64,48354737975,5.97E+11,577.03,247.75,9020
2021-01-24,32064.38,32944.01,31106.69,32289.38,48643830599,6.01E+11,577.03,247.75,9020
2021-01-25,32285.8,34802.74,32087.79,32366.39,59897054838,6.02E+11,571.42,247.75,8770
2021-01-26,32358.61,32794.55,31030.27,32569.85,60255421470,6.06E+11,559.81,241,9200
2021-01-27,32564.03,32564.03,29367.14,30432.55,62576762015,5.66E+11,540.1,229.94,8830
2021-01-28,30441.04,33858.31,30023.21,33466.1,76517157706,6.23E+11,578.38,237.79,8690
2021-01-29,34318.67,38406.26,32064.81,34316.39,1.18E+11,6.39E+11,617.31,234.31,8280
2021-01-30,34295.94,34834.71,32940.19,34269.52,65141828798,6.38E+11,617.31,241.85,8280
2021-01-31,34270.88,34288.33,32270.18,33114.36,52754542671,6.16E+11,617.31,241.85,8280
2021-02-01,33114.58,34638.21,32384.23,33537.18,61400400660,6.24E+11,634.56,241.85,8290
2021-02-02,33533.2,35896.88,33489.22,35510.29,63088585433,6.61E+11,687.92,241.85,8360
2021-02-03,35510.82,37480.19,35443.98,37472.09,61166818159,6.98E+11,741.19,241.85,8520
2021-02-04,37475.1,38592.18,36317.5,36926.06,68838074392,6.88E+11,765.59,249.1,8580
2021-02-05,36931.55,38225.91,36658.76,38144.31,58598066402,7.10E+11,806,251.9,8270
2021-02-06,38138.39,40846.55,38138.39,39266.01,71326033653,7.31E+11,806,270.43,8270
2021-02-07,39250.19,39621.84,37446.15,38903.44,65500641143,7.24E+11,806,269.44,8270
2021-02-08,38886.83,46203.93,38076.32,46196.46,1.01E+11,8.60E+11,1041,282.17,8580
2021-02-09,46184.99,48003.72,45166.96,46481.1,91809846886,8.66E+11,1272.94,284.2,9130
2021-02-10,46469.76,47145.57,43881.15,44918.18,87301089896,8.37E+11,974.48,283.18,9030
2021-02-11,44898.71,48463.47,44187.76,47909.33,81388911810,8.92E+11,1009.94,285.03,9030
2021-02-12,47877.03,48745.73,46424.98,47504.85,76555041196,8.85E+11,1034.31,298.37,9030
2021-02-13,47491.2,48047.74,46392.28,47105.52,70250456155,8.77E+11,1034.31,304.79,9030
2021-02-14,47114.51,49487.64,47114.51,48717.29,71248675228,9.08E+11,1034.31,304.79,9030
2021-02-15,48696.54,48875.57,46347.48,47945.06,77069903166,8.93E+11,1034.31,304.79,9120
2021-02-16,47944.46,50341.1,47201.3,49199.87,77049582886,9.17E+11,955,304.79,9440
2021-02-17,49207.28,52533.91,49072.38,52149.01,80820545404,9.72E+11,941.8,297.2,9450
2021-02-18,52140.97,52474.11,51015.76,51679.8,52054723579,9.63E+11,927.78,290.81,9730
2021-02-19,51675.98,56113.65,50937.28,55888.13,63495496918,1.04E+12,963.72,286.92,10150
2021-02-20,55887.34,57505.23,54626.56,56099.52,68145460026,1.05E+12,963.72,273.85,10150
2021-02-21,56068.57,58330.57,55672.61,57539.94,51897585191,1.07E+12,963.72,273.85,10150
2021-02-22,57532.74,57533.39,48967.57,54207.32,92052420332,1.01E+12,876,273.85,13150
2021-02-23,54204.93,54204.93,45290.59,48824.43,1.06E+11,9.10E+11,691.23,265,11700
2021-02-24,48835.09,51290.14,47213.5,49705.33,63695521388,9.26E+11,817.69,266.07,12350
2021-02-25,49709.08,51948.97,47093.85,47093.85,54506565949,8.78E+11,731.61,253.94,12350
2021-02-26,47180.46,48370.79,44454.84,46339.76,3.51E+11,8.64E+11,750.41,259.85,10500
2021-02-27,46344.77,48253.27,45269.03,46188.45,45910946382,8.61E+11,750.41,273.63,10500
2021-02-28,46194.02,46716.43,43241.62,45137.77,53443887451,8.41E+11,750.41,273.63,10500
2021-03-01,45159.5,49784.02,45115.09,49631.24,53891300112,9.25E+11,782.44,273.63,10500
2021-03-02,49612.11,50127.51,47228.85,48378.99,47530897720,9.02E+11,748.5,269.19,10250
2021-03-03,48415.81,52535.14,48274.32,50538.24,53220811975,9.42E+11,731.57,255.06,10300
2021-03-04,50522.31,51735.09,47656.93,48561.17,52343816680,9.05E+11,645.66,239.07,10350
2021-03-05,48527.03,49396.43,46542.51,48927.3,48625928883,9.12E+11,620.24,239.05,10250
2021-03-06,48899.23,49147.22,47257.53,48912.38,34363564661,9.12E+11,620.24,226.09,10250
2021-03-07,48918.68,51384.37,48918.68,51206.69,43137459378,9.55E+11,620.24,226.09,10250
2021-03-08,51174.12,52314.07,49506.05,52246.52,48597428048,9.74E+11,624.19,226.09,10650
2021-03-09,52272.97,54824.12,51981.83,54824.12,50912227385,1.02E+12,715.99,241.76,13500
2021-03-10,54824.01,57258.25,53290.89,56008.55,57295577614,1.04E+12,756.55,242.07,13600
2021-03-11,55963.18,58091.06,54484.59,57805.12,56772343595,1.08E+12,803.75,253.83,13400
2021-03-12,57821.22,57996.62,55376.65,57332.09,55689944702,1.07E+12,784,250.35,13850
2021-03-13,57343.37,61683.86,56217.97,61243.08,60669829814,1.14E+12,784,249.98,13850
2021-03-14,61221.13,61597.92,59302.32,59302.32,43901225564,1.11E+12,784,249.98,13850
2021-03-15,59267.43,60540.99,55393.17,55907.2,66419369890,1.04E+12,769.01,249.98,12450
2021-03-16,55840.79,56833.18,53555.03,56804.9,59749798599,1.06E+12,724.29,249.31,12000
2021-03-17,56825.83,58969.82,54528.63,58870.89,60258313191,1.10E+12,770.99,251.47,12000
2021-03-18,58893.08,60116.25,54253.58,57858.92,55746041000,1.08E+12,732.05,238.41,13100
2021-03-19,57850.44,59498.38,56643.7,58346.65,49063873786,1.09E+12,777.04,241.28,13700
2021-03-20,58332.26,60031.29,58213.3,58313.64,50361731222,1.09E+12,777.04,244.39,13700
2021-03-21,58309.91,58767.9,56005.62,57523.42,51943414539,1.07E+12,777.04,244.39,13700
2021-03-22,57517.89,58471.48,54288.16,54529.15,56521454974,1.02E+12,724.56,244.39,14000
2021-03-23,54511.66,55985.44,53470.69,54738.94,56435023914,1.02E+12,677.21,243.77,13150
2021-03-24,54710.49,57262.38,52514.33,52774.26,70567223787,9.85E+11,621.57,234.27,13000
2021-03-25,52726.75,53392.39,50856.57,51704.16,67999812841,9.65E+11,620.91,234.24,13050
2021-03-26,51683.01,55137.31,51579.86,55137.31,56652197978,1.03E+12,624,241.03,13300
2021-03-27,55137.57,56568.22,54242.91,55973.51,47266542233,1.04E+12,624,235.67,13300
2021-03-28,55974.94,56610.31,55071.11,55950.75,47686580918,1.04E+12,624,235.67,13300
2021-03-29,55947.9,58342.1,55139.34,57750.2,57625587027,1.08E+12,631.34,235.67,13050
2021-03-30,57750.13,59447.22,57251.55,58917.69,54414116432,1.10E+12,653.98,236.54,13900
2021-03-31,58930.28,59930.03,57726.42,58918.83,65520826225,1.10E+12,678.8,242.84,13700
2021-04-01,58926.56,59586.07,58505.28,59095.81,61669163792,1.10E+12,703.56,247.54,14200
2021-04-02,59098.88,60267.19,58869.28,59384.31,58727860620,1.11E+12,703.56,251.02,15400
2021-04-03,59397.41,60110.27,57603.89,57603.89,59641344484,1.08E+12,703.56,251.02,15400
2021-04-04,57604.84,58913.75,57168.68,58758.56,50749662970,1.10E+12,703.56,251.02,15400
2021-04-05,58760.87,59891.3,57694.83,59057.88,60706272115,1.10E+12,720.55,251.02,15050
2021-04-06,59171.93,59479.58,57646.81,58192.36,66058027988,1.09E+12,704.58,253.19,15400
2021-04-07,58186.51,58731.14,55604.02,56048.94,75645303584,1.05E+12,656.2,255.6,14650
2021-04-08,56099.91,58338.74,55879.08,58323.95,53053855641,1.09E+12,690.12,264.5,14250
2021-04-09,58326.56,58937.05,57807.86,58245,46655208546,1.09E+12,711,266.77,14600
2021-04-10,58253.78,61276.67,58038.71,59793.24,58238470525,1.12E+12,711,269.03,14600
2021-04-11,59846.23,60790.56,59289.8,60204.96,46280252580,1.12E+12,711,269.03,14600
2021-04-12,60175.94,61253.04,59589.87,59893.45,51828688519,1.12E+12,718.24,269.03,15000
2021-04-13,59890.02,63742.28,59869.96,63503.46,69983454362,1.19E+12,848.54,275.43,14400
2021-04-14,63523.75,64863.1,61554.8,63109.7,77451779687,1.18E+12,735.5,267.21,15850
2021-04-15,63075.2,63821.67,62208.96,63314.01,60954381579,1.18E+12,740.15,274,14950
2021-04-16,63258.51,63594.72,60222.53,61572.79,84293007468,1.15E+12,693.62,269.87,14650
2021-04-17,61529.92,62572.18,60361.35,60683.82,66138759198,1.13E+12,693.62,267.91,14650
2021-04-18,60701.89,61057.46,52829.54,56216.19,97468872758,1.05E+12,693.62,267.91,14650
2021-04-19,56191.58,57520.05,54368.59,55724.27,65344865159,1.04E+12,637.52,267.91,13900
2021-04-20,55681.79,57062.15,53448.05,56473.03,67849323955,1.06E+12,646.45,264.43,13500
2021-04-21,56471.13,56757.97,53695.47,53906.09,54926612466,1.01E+12,650.46,264.89,13800
2021-04-22,53857.11,55410.23,50583.81,51762.27,74798630778,9.67E+11,598.2,262.27,13000
2021-04-23,51739.81,52120.79,47714.66,51093.65,86668667320,9.55E+11,613.04,266.03,12250
2021-04-24,51143.23,51167.56,48805.28,50050.87,49014494781,9.35E+11,613.04,271.72,12250
2021-04-25,50052.83,50506.02,47159.49,49004.25,46117114240,9.16E+11,613.04,271.72,12250
2021-04-26,49077.79,54288,48852.8,54021.75,58284039825,1.01E+12,658.82,271.72,12450
2021-04-27,54030.3,55416.96,53319.19,55033.12,49448222757,1.03E+12,676.99,268.82,12250
2021-04-28,55036.64,56227.21,53887.92,54824.7,48000572955,1.02E+12,680.82,271.09,12100
2021-04-29,54858.09,55115.84,52418.03,53555.11,46088929780,1.00E+12,655.01,267.85,11900
2021-04-30,53568.66,57900.72,53129.6,57750.18,52395931985,1.08E+12,657.16,262.29,11650
2021-05-01,57714.66,58448.34,57052.27,57828.05,42836427360,1.08E+12,657.16,259.09,11650
2021-05-02,57825.86,57902.59,56141.91,56631.08,38177405335,1.06E+12,657.16,259.09,11650
2021-05-03,56620.27,58973.31,56590.87,57200.29,51713139031,1.07E+12,635.62,259.09,11750
2021-05-04,57214.18,57214.18,53191.43,53333.54,68564706967,9.97E+11,616.88,250.16,12150
2021-05-05,53252.16,57911.36,52969.06,57424.01,69241316747,1.07E+12,623.45,247.4,12150
2021-05-06,57441.31,58363.31,55382.51,56396.51,69523285106,1.05E+12,609.08,252.02,12100
2021-05-07,56413.95,58606.63,55321.85,57356.4,68434023376,1.07E+12,620.46,253.36,11950
2021-05-08,57352.77,59464.61,56975.21,58803.78,65382980634,1.10E+12,620.46,243.63,11950
2021-05-09,58877.39,59210.88,56482,58232.32,65906690347,1.09E+12,620.46,243.63,11950
2021-05-10,58250.87,59519.35,54071.46,55859.8,71776546298,1.04E+12,569.46,243.63,12000
2021-05-11,55847.24,56872.54,54608.65,56704.57,61308396325,1.06E+12,576.96,248.6,11550
2021-05-12,56714.53,57939.36,49150.53,49150.53,75215403907,9.20E+11,541.88,239.91,12150
2021-05-13,49735.43,51330.84,46980.02,49716.19,96721152926,9.30E+11,488.08,240.8,11250
2021-05-14,49682.98,51438.12,48868.58,49880.53,55737497453,9.33E+11,521.31,246.29,11300
2021-05-15,49855.49,50639.67,46664.14,46760.19,59161047474,8.75E+11,521.31,246.29,11300
2021-05-16,46716.64,49720.04,43963.35,46456.06,64047871555,8.69E+11,521.31,246.29,11300
