Date,Open,High,Low,Close,Volume,Market Cap
2019-05-18,7341.66,7447.27,7251.5,7271.21,21354286562,1.28762E+11
2019-05-19,7267.96,8261.94,7267.96,8197.69,25902422040,1.45185E+11
2019-05-20,8196.92,8200.97,7678.78,7978.31,23843404340,1.41316E+11
2019-05-21,7977.97,8062.17,7843.34,7963.33,25127245056,1.41066E+11
2019-05-22,7956.29,7997.61,7615.99,7680.07,24719473175,1.36064E+11
2019-05-23,7677.27,7943.79,7533.2,7881.85,24457107820,1.39654E+11
2019-05-24,7881.7,8140.72,7824.45,7987.37,25919126991,1.41539E+11
2019-05-25,7991.89,8117.93,7965.98,8052.54,22256813107,1.42708E+11
2019-05-26,8055.21,8687.52,7924.67,8673.22,26677970092,1.53725E+11
2019-05-27,8674.07,8907.17,8668.7,8805.78,27949839564,1.56094E+11
2019-05-28,8802.76,8807.02,8634.72,8719.96,24226919267,1.5459E+11
2019-05-29,8718.59,8755.85,8482.73,8659.49,23473479966,1.53537E+11
2019-05-30,8661.76,9008.31,8221.27,8319.47,29246528551,1.47525E+11
2019-05-31,8320.29,8586.66,8172.55,8574.5,25365190957,1.5206E+11
2019-06-01,8573.84,8625.6,8481.58,8564.02,22488303544,1.5189E+11
2019-06-02,8565.47,8809.3,8561.24,8742.96,20266216022,1.55077E+11
2019-06-03,8741.75,8743.5,8204.19,8208.99,22004511436,1.45619E+11
2019-06-04,8210.99,8210.99,7564.49,7707.77,24609731549,1.36743E+11
2019-06-05,7704.34,7901.85,7668.67,7824.23,21760923463,1.38825E+11
2019-06-06,7819.63,7937.34,7571.47,7822.02,19474611077,1.38801E+11
2019-06-07,7826.9,8126.15,7788.37,8043.95,19141423231,1.42755E+11
2019-06-08,8036.77,8076.89,7837.61,7954.13,16522722810,1.41173E+11
2019-06-09,7949.67,7975.97,7583.22,7688.08,16610726547,1.36465E+11
2019-06-10,7692.28,8031.91,7586.73,8000.33,18689275117,1.42023E+11
2019-06-11,8004.24,8026.39,7772.8,7927.71,17107279932,1.40749E+11
2019-06-12,7925.43,8196.65,7862.36,8145.86,19034432883,1.44635E+11
2019-06-13,8145.55,8311.57,8087.06,8230.92,18669407147,1.4616E+11
2019-06-14,8230.9,8710.64,8183.39,8693.83,19831162906,1.54399E+11
2019-06-15,8689.75,8859.13,8618.4,8838.38,18371033226,1.56982E+11
2019-06-16,8841.44,9335.87,8814.56,8994.49,23348550311,1.59769E+11
2019-06-17,8988.92,9416.41,8988.92,9320.35,15562951919,1.65573E+11
2019-06-18,9335.47,9348.37,9004.9,9081.76,15848210536,1.61354E+11
2019-06-19,9078.73,9299.62,9070.4,9273.52,15546809946,1.64781E+11
2019-06-20,9273.06,9594.42,9232.48,9527.16,17846823784,1.69305E+11
2019-06-21,9525.07,10144.56,9525.07,10144.56,20624008643,1.80293E+11
2019-06-22,10175.92,11157.35,10107.04,10701.69,29995204861,1.90214E+11
2019-06-23,10696.69,11246.14,10556.1,10855.37,20998326502,1.9297E+11
2019-06-24,10853.74,11065.9,10610.43,11011.1,19271652365,1.95763E+11
2019-06-25,11007.2,11790.92,11007.2,11790.92,24879684533,2.09648E+11
2019-06-26,11778.58,13796.49,11755.6,13016.23,45105733173,2.31462E+11
2019-06-27,13017.12,13311.14,10491.85,11182.81,39977475223,1.98879E+11
2019-06-28,11162.17,12445.18,10914.49,12407.33,35087757766,2.20681E+11
2019-06-29,12400.76,12400.91,11508.38,11959.37,29923961128,2.1274E+11
2019-06-30,11931.99,12178.38,10799.01,10817.16,27256473494,1.92442E+11
2019-07-01,10796.93,11206.44,10089.31,10583.13,29378589324,1.88298E+11
2019-07-02,10588.68,10912.19,9737.88,10801.68,31015895223,1.92207E+11
2019-07-03,10818.16,11968.08,10818.16,11961.27,30796494294,2.12867E+11
2019-07-04,11972.72,12006.08,11166.57,11215.44,25920294033,1.99617E+11
2019-07-05,11203.1,11395.66,10874.96,10978.46,23838480210,1.95425E+11
2019-07-06,10982.54,11620.97,10982.54,11208.55,21092024306,1.99546E+11
2019-07-07,11217.62,11541.62,11148.8,11450.85,19369044277,2.03882E+11
2019-07-08,11446.6,12345.83,11393.37,12285.96,23482551458,2.18778E+11
2019-07-09,12284.33,12779.13,12233.26,12573.81,28167921523,2.23928E+11
2019-07-10,12571.54,13129.53,11710.98,12156.51,33627574244,2.16516E+11
2019-07-11,12139.71,12144.62,11158.92,11358.66,28595327690,2.02324E+11
2019-07-12,11354.3,11905.49,11179.14,11815.99,23534692797,2.10494E+11
2019-07-13,11813.13,11841.96,10908.48,11392.38,21042616384,2.02968E+11
2019-07-14,11381.02,11451.2,10234.58,10256.06,22486000001,1.82742E+11
2019-07-15,10257.84,11052.77,9992.01,10895.09,25384047207,1.94148E+11
2019-07-16,10896.65,10996.63,9448.11,9477.64,24151199070,1.68909E+11
2019-07-17,9471.21,9963.13,9163.13,9693.8,24569921549,1.72777E+11
2019-07-18,9698.5,10736.84,9376.8,10666.48,25187024648,1.9013E+11
2019-07-19,10653.96,10716.98,10229.63,10530.73,20727426310,1.87726E+11
2019-07-20,10525.82,11048.66,10451.28,10767.14,20206615155,1.91964E+11
2019-07-21,10777.53,10841.89,10389.6,10599.11,17130580467,1.88987E+11
2019-07-22,10596.95,10651.79,10154.92,10343.11,16334414913,1.84443E+11
2019-07-23,10346.75,10346.75,9883.6,9900.77,17851916995,1.76573E+11
2019-07-24,9887.73,9908.8,9614.31,9811.93,17398734322,1.75006E+11
2019-07-25,9809.1,10154.25,9773.96,9911.84,15821952090,1.76806E+11
2019-07-26,9913.13,9916.52,9717.98,9870.3,14495714483,1.76086E+11
2019-07-27,9871.16,10167.32,9411.52,9477.68,16817809536,1.691E+11
2019-07-28,9491.63,9575.55,9252.3,9552.86,13738687093,1.70462E+11
2019-07-29,9548.18,9681.65,9472.95,9519.15,13791445323,1.6988E+11
2019-07-30,9522.33,9701.76,9437.34,9607.42,13829811132,1.71472E+11
2019-07-31,9604.05,10085.63,9598.1,10085.63,16631520648,1.80029E+11
2019-08-01,10077.44,10446.92,9922.02,10399.67,17165337858,1.85653E+11
2019-08-02,10402.04,10657.95,10371.01,10518.17,17489094082,1.87791E+11
2019-08-03,10519.28,10946.78,10503.5,10821.73,15352685061,1.93234E+11
2019-08-04,10821.63,11009.21,10620.28,10970.18,16530894787,1.95908E+11
2019-08-05,10960.74,11895.09,10960.74,11805.65,23875988832,2.10849E+11
2019-08-06,11811.55,12273.82,11290.73,11478.17,23635107660,2.05023E+11
2019-08-07,11476.19,12036.99,11433.7,11941.97,22194988641,2.1333E+11
2019-08-08,11954.04,11979.42,11556.17,11966.41,19481591730,2.13788E+11
2019-08-09,11953.47,11970.46,11709.75,11862.94,18339989960,2.11961E+11
2019-08-10,11861.56,11915.66,11323.9,11354.02,18125355447,2.0289E+11
2019-08-11,11349.74,11523.58,11248.29,11523.58,15774371518,2.05942E+11
2019-08-12,11528.19,11528.19,11320.95,11382.62,13647198229,2.03441E+11
2019-08-13,11385.05,11420.05,10830.33,10895.83,16681503537,1.94763E+11
2019-08-14,10889.49,10889.56,10028.14,10051.7,19990838300,1.79693E+11
2019-08-15,10038.42,10437.41,9675.32,10311.55,22899115082,1.84358E+11
2019-08-16,10319.42,10524.35,9855.48,10374.34,20228207096,1.855E+11
2019-08-17,10358.72,10452.62,10086.7,10231.74,13778035685,1.82967E+11
2019-08-18,10233.01,10487.07,10119.09,10345.81,12999813869,1.85023E+11
2019-08-19,10350.28,10916.05,10313.2,10916.05,16038264603,1.95243E+11
2019-08-20,10916.35,10947.04,10618.96,10763.23,15053082175,1.9253E+11
2019-08-21,10764.57,10798.73,9962.72,10138.05,19473084768,1.81365E+11
2019-08-22,10142.52,10233,9831.46,10131.06,17097508856,1.81257E+11
2019-08-23,10136.31,10442.44,10078.19,10407.97,15627023886,1.86231E+11
2019-08-24,10407.64,10418.02,9982.3,10159.96,15451030650,1.81814E+11
2019-08-25,10160.74,10304.62,10008.79,10138.52,14153856610,1.8145E+11
2019-08-26,10126.3,10512.33,10126.3,10370.82,18438654080,1.85625E+11
2019-08-27,10372.83,10381.33,10087.3,10185.5,14762609503,1.82326E+11
2019-08-28,10203.43,10279.37,9716.66,9754.42,17603790323,1.74627E+11
2019-08-29,9756.79,9756.79,9421.63,9510.2,17045878501,1.70275E+11
2019-08-30,9514.84,9656.12,9428.3,9598.17,13595263986,1.71869E+11
2019-08-31,9597.54,9673.22,9531.8,9630.66,11454806419,1.72471E+11
2019-09-01,9630.59,9796.76,9582.94,9757.97,11445355859,1.74768E+11
2019-09-02,9757.47,10396.59,9730.65,10346.76,17248102294,1.85333E+11
2019-09-03,10345.73,10736.1,10308.55,10623.54,19384917989,1.90312E+11
2019-09-04,10621.18,10762.64,10434.71,10594.49,16742664769,1.8981E+11
2019-09-05,10588.18,10627.27,10516.42,10575.53,14551239508,1.89492E+11
2019-09-06,10578.2,10898.76,10292.3,10353.3,19536574783,1.8553E+11
2019-09-07,10353.93,10558.67,10348.92,10517.25,15307366476,1.88489E+11
2019-09-08,10518.11,10595.64,10409.09,10441.28,13670567493,1.8715E+11
2019-09-09,10443.23,10450.31,10144.93,10334.97,17595943368,1.85264E+11
2019-09-10,10336.41,10394.35,10020.57,10115.98,14906809639,1.81361E+11
2019-09-11,10123.03,10215.95,9980.78,10178.37,15428063426,1.82503E+11
2019-09-12,10176.82,10442.25,10099.24,10410.13,15323563925,1.86679E+11
2019-09-13,10415.36,10441.49,10226.6,10360.55,14109864675,1.85809E+11
2019-09-14,10345.4,10422.13,10291.69,10358.05,13468713124,1.85784E+11
2019-09-15,10356.47,10387.03,10313.09,10347.71,12043433567,1.85618E+11
2019-09-16,10347.22,10386.87,10189.74,10276.79,15160167779,1.84367E+11
2019-09-17,10281.51,10296.77,10199.74,10241.27,15304603363,1.83749E+11
2019-09-18,10247.8,10275.93,10191.47,10198.25,16169268880,1.82999E+11
2019-09-19,10200.5,10295.67,9851.69,10266.41,19937691247,1.84241E+11
2019-09-20,10266.32,10285.87,10132.19,10181.64,14734189639,1.82739E+11
2019-09-21,10183.65,10188.1,10000.71,10019.72,13425266806,1.79853E+11
2019-09-22,10024.12,10074.44,9922.53,10070.39,13199651698,1.80784E+11
2019-09-23,10067.96,10074.24,9727.14,9729.32,15144925408,1.74675E+11
2019-09-24,9729.32,9804.32,8370.8,8620.57,25002886689,1.54786E+11
2019-09-25,8603.43,8744.83,8325.4,8486.99,21744728353,1.52404E+11
2019-09-26,8487.67,8515.69,7895.63,8118.97,19258205289,1.45812E+11
2019-09-27,8113.1,8271.52,7965.92,8251.85,16408941156,1.48213E+11
2019-09-28,8251.27,8285.62,8125.43,8245.92,14141152736,1.48123E+11
2019-09-29,8246.04,8261.71,7990.5,8104.19,13034629109,1.4559E+11
2019-09-30,8104.23,8314.23,7830.76,8293.87,17115474183,1.49012E+11
2019-10-01,8299.72,8497.69,8232.68,8343.28,15305343413,1.49914E+11
2019-10-02,8344.21,8393.04,8227.7,8393.04,13125712443,1.50824E+11
2019-10-03,8390.77,8414.23,8146.44,8259.99,13668823409,1.48448E+11
2019-10-04,8259.49,8260.06,8151.24,8205.94,13139456229,1.47492E+11
2019-10-05,8210.15,8215.53,8071.12,8151.5,12200497197,1.46529E+11
2019-10-06,8149.88,8161.41,7958.85,7988.16,13160830305,1.43608E+11
2019-10-07,7989.12,8308.45,7905.77,8245.62,18009742607,1.48253E+11
2019-10-08,8246.85,8332.72,8185.76,8228.78,15592264032,1.47966E+11
2019-10-09,8229.84,8627.71,8169.3,8595.74,19384942333,1.5458E+11
2019-10-10,8585.28,8625.27,8471.93,8586.47,17618660671,1.54431E+11
2019-10-11,8585.26,8721.78,8316.18,8321.76,19604381101,1.49686E+11
2019-10-12,8315.66,8415.24,8313.34,8336.56,14532641605,1.49966E+11
2019-10-13,8336.9,8470.99,8276.61,8321.01,13808286059,1.49701E+11
2019-10-14,8320.83,8390.21,8284.13,8374.69,15151387859,1.5068E+11
2019-10-15,8373.46,8410.71,8182.71,8205.37,15220412632,1.4765E+11
2019-10-16,8204.67,8216.81,7985.09,8047.53,16071646996,1.44824E+11
2019-10-17,8047.81,8134.83,8000.94,8103.91,14313052244,1.45854E+11
2019-10-18,8100.93,8138.41,7902.16,7973.21,15651592610,1.43518E+11
2019-10-19,7973.8,8082.63,7944.78,7988.56,13797825640,1.43808E+11
2019-10-20,7997.81,8281.82,7949.44,8222.08,15504249442,1.48027E+11
2019-10-21,8225.12,8296.69,8196.42,8243.72,15868748866,1.48433E+11
2019-10-22,8243.4,8296.65,8074.46,8078.2,16803377857,1.4547E+11
2019-10-23,8076.23,8093,7469.32,7514.67,21942878958,1.35337E+11
2019-10-24,7509.73,7532.87,7446.99,7493.49,16268708849,1.34968E+11
2019-10-25,7490.7,8691.54,7479.98,8660.7,28705065488,1.56007E+11
2019-10-26,8667.58,10021.74,8662.62,9244.97,44496255609,1.66547E+11
2019-10-27,9241.71,9749.53,9112.54,9551.71,32593129501,1.72087E+11
2019-10-28,9565.1,9805.12,9256.15,9256.15,30948255332,1.66777E+11
2019-10-29,9248.44,9516.18,9232.65,9427.69,28426779937,1.69884E+11
2019-10-30,9422.46,9426.87,9085.37,9205.73,27706531577,1.659E+11
2019-10-31,9202.46,9383.16,9028.72,9199.58,26583653947,1.65804E+11
2019-11-01,9193.99,9275.66,9132.05,9261.1,24324691031,1.66928E+11
2019-11-02,9259.78,9377.49,9249.59,9324.72,21242676385,1.6809E+11
2019-11-03,9324.79,9379.81,9141.25,9235.35,21132220847,1.66495E+11
2019-11-04,9235.61,9505.05,9191.49,9412.61,26170255634,1.69706E+11
2019-11-05,9413,9457.42,9256.93,9342.53,26198609048,1.6846E+11
2019-11-06,9340.86,9423.24,9305.91,9360.88,23133895765,1.68806E+11
2019-11-07,9352.39,9368.48,9202.35,9267.56,22700383839,1.67139E+11
2019-11-08,9265.37,9272.76,8775.53,8804.88,24333037836,1.58809E+11
2019-11-09,8809.47,8891.82,8793.16,8813.58,17578630606,1.58981E+11
2019-11-10,8812.49,9103.83,8806.16,9055.53,20587919881,1.63364E+11
2019-11-11,9056.92,9081.28,8700.61,8757.79,20265510765,1.5801E+11
2019-11-12,8759.75,8853.77,8685.43,8815.66,20309769107,1.59069E+11
2019-11-13,8812.03,8836.84,8761.65,8808.26,17545755405,1.5895E+11
2019-11-14,8811.94,8826.94,8692.55,8708.1,19084739975,1.57161E+11
2019-11-15,8705.71,8730.87,8484.84,8491.99,21796856471,1.53277E+11
2019-11-16,8491.17,8592,8473.97,8550.76,16495389808,1.54354E+11
2019-11-17,8549.47,8727.79,8500.97,8577.98,18668638897,1.54862E+11
2019-11-18,8573.98,8653.28,8273.57,8309.29,21579470673,1.50026E+11
2019-11-19,8305.13,8408.52,8099.96,8206.15,21083613816,1.48178E+11
2019-11-20,8203.61,8237.24,8010.51,8027.27,20764300437,1.44963E+11
2019-11-21,8023.64,8110.1,7597.38,7642.75,22514243371,1.38032E+11
2019-11-22,7643.57,7697.38,6936.71,7296.58,34242315785,1.31792E+11
2019-11-23,7296.16,7442.26,7151.42,7397.8,21008924418,1.33636E+11
2019-11-24,7398.63,7408.58,7029.29,7047.92,30433517289,1.27327E+11
2019-11-25,7039.98,7319.86,6617.17,7146.13,42685231262,1.29113E+11
2019-11-26,7145.16,7320.23,7098.57,7218.37,21129505542,1.30429E+11
2019-11-27,7220.88,7619.69,6974.17,7531.66,23991412764,1.36103E+11
2019-11-28,7536.82,7730.07,7454.12,7463.11,19050116751,1.34879E+11
2019-11-29,7466.73,7781.18,7460.76,7761.24,19709695456,1.4028E+11
2019-11-30,7764.06,7836.1,7515.85,7569.63,17158194786,1.36829E+11
2019-12-01,7571.62,7571.62,7291.34,7424.29,18720708479,1.34215E+11
2019-12-02,7424.04,7474.82,7233.4,7321.99,17082040706,1.32379E+11
2019-12-03,7323.98,7418.86,7229.36,7320.15,14797485769,1.3236E+11
2019-12-04,7320.13,7539.78,7170.92,7252.03,21664240918,1.31143E+11
2019-12-05,7253.24,7743.43,7232.68,7448.31,18816085231,1.34706E+11
2019-12-06,7450.56,7547,7392.18,7547,18104466307,1.36505E+11
2019-12-07,7547.27,7589.95,7525.71,7556.24,15453520564,1.36687E+11
2019-12-08,7551.34,7634.61,7476.09,7564.35,15409908086,1.36847E+11
2019-12-09,7561.8,7618.09,7365.99,7400.9,17872021272,1.33904E+11
2019-12-10,7397.13,7424.02,7246.04,7278.12,18249031195,1.31696E+11
2019-12-11,7277.2,7324.16,7195.53,7217.43,16350490689,1.3061E+11
2019-12-12,7216.74,7266.64,7164.74,7243.13,18927080224,1.31087E+11
2019-12-13,7244.66,7293.56,7227.12,7269.68,17125736940,1.31581E+11
2019-12-14,7268.9,7308.84,7097.21,7124.67,17137029730,1.2897E+11
2019-12-15,7124.24,7181.08,6924.38,7152.3,16881129804,1.29481E+11
2019-12-16,7153.66,7171.17,6903.68,6932.48,20213265950,1.25516E+11
2019-12-17,6931.32,6964.07,6587.97,6640.52,22363804217,1.20234E+11
2019-12-18,6647.7,7324.98,6540.05,7276.8,31836522778,1.31755E+11
2019-12-19,7277.59,7346.6,7041.38,7202.84,25904604416,1.30446E+11
2019-12-20,7208.64,7257.92,7086.12,7218.82,22633815180,1.30753E+11
2019-12-21,7220.59,7223.23,7112.74,7191.16,19312552168,1.30268E+11
2019-12-22,7191.19,7518.03,7167.18,7511.59,23134537956,1.36088E+11
2019-12-23,7508.9,7656.18,7326.19,7355.63,27831788041,1.33276E+11
2019-12-24,7354.39,7535.72,7269.53,7322.53,22991622105,1.32688E+11
2019-12-25,7325.76,7357.02,7220.99,7275.16,21559505149,1.31841E+11
2019-12-26,7274.8,7388.3,7200.39,7238.97,22787010034,1.312E+11
2019-12-27,7238.14,7363.53,7189.93,7290.09,22777360996,1.3214E+11
2019-12-28,7289.03,7399.04,7286.91,7317.99,21365673026,1.32659E+11
2019-12-29,7317.65,7513.95,7279.87,7422.65,22445257702,1.34571E+11
2019-12-30,7420.27,7454.82,7276.31,7293,22874131672,1.32235E+11
2019-12-31,7294.44,7335.29,7169.78,7193.6,21167946112,1.30446E+11
2020-01-01,7194.89,7254.33,7174.94,7200.17,18565664997,1.30581E+11
2020-01-02,7202.55,7212.16,6935.27,6985.47,20802083465,1.26699E+11
2020-01-03,6984.43,7413.72,6915,7344.88,28111481032,1.33233E+11
2020-01-04,7345.38,7427.39,7309.51,7410.66,18444271275,1.34442E+11
2020-01-05,7410.45,7544.5,7400.54,7411.32,19725074095,1.3447E+11
2020-01-06,7410.45,7781.87,7409.29,7769.22,23276261598,1.40976E+11
2020-01-07,7768.68,8178.22,7768.23,8163.69,28767291327,1.48152E+11
2020-01-08,8161.94,8396.74,7956.77,8079.86,31672559265,1.46645E+11
2020-01-09,8082.3,8082.3,7842.4,7879.07,24045990466,1.43017E+11
2020-01-10,7878.31,8166.55,7726.77,8166.55,28714583844,1.4825E+11
2020-01-11,8162.19,8218.36,8029.64,8037.54,25521165085,1.45924E+11
2020-01-12,8033.26,8200.06,8009.06,8192.49,22903438381,1.48753E+11
2020-01-13,8189.77,8197.79,8079.7,8144.19,22482910688,1.47891E+11
2020-01-14,8140.93,8879.51,8140.93,8827.76,44841784107,1.60319E+11
2020-01-15,8825.34,8890.12,8657.19,8807.01,40102834650,1.59959E+11
2020-01-16,8812.48,8846.46,8612.1,8723.79,31313981931,1.58465E+11
2020-01-17,8725.21,8958.12,8677.32,8929.04,36372139320,1.62211E+11
2020-01-18,8927.21,9012.2,8827.33,8942.81,32337772627,1.62476E+11
2020-01-19,8941.45,9164.36,8620.08,8706.25,34217320471,1.58194E+11
2020-01-20,8704.63,8745.59,8560.47,8657.64,26422375678,1.57328E+11
2020-01-21,8658.99,8755.71,8544.52,8745.89,24097418512,1.58948E+11
2020-01-22,8744.21,8792.99,8636.75,8680.88,22600204051,1.57783E+11
2020-01-23,8680.65,8687.75,8333.64,8406.52,25770680779,1.52813E+11
2020-01-24,8405.57,8514.67,8266.84,8445.43,24397913026,1.53537E+11
2020-01-25,8440.12,8458.45,8296.22,8367.85,19647331549,1.52143E+11
2020-01-26,8364.41,8602.4,8325.5,8596.83,22177678796,1.56322E+11
2020-01-27,8597.31,8977.73,8597.31,8909.82,28647338393,1.62028E+11
2020-01-28,8912.52,9358.59,8908.45,9358.59,34398744403,1.70206E+11
2020-01-29,9357.47,9406.43,9269.47,9316.63,30682598115,1.69461E+11
2020-01-30,9316.02,9553.13,9230.9,9508.99,32378792851,1.72979E+11
2020-01-31,9508.31,9521.71,9230.78,9350.53,29432489719,1.70113E+11
2020-02-01,9346.36,9439.32,9313.24,9392.88,25922656496,1.70901E+11
2020-02-02,9389.82,9468.8,9217.82,9344.37,30835736946,1.70035E+11
2020-02-03,9344.68,9540.37,9248.63,9293.52,30934096509,1.69127E+11
2020-02-04,9292.84,9331.27,9112.81,9180.96,29893183716,1.67094E+11
2020-02-05,9183.42,9701.3,9163.7,9613.42,35222060874,1.74983E+11
2020-02-06,9617.82,9824.62,9539.82,9729.8,37628823716,1.77118E+11
2020-02-07,9726,9834.72,9726,9795.94,34522718159,1.78339E+11
2020-02-08,9793.07,9876.75,9678.91,9865.12,35172043762,1.79616E+11
2020-02-09,9863.89,10129.44,9850.39,10116.67,35807884663,1.84215E+11
2020-02-10,10115.56,10165.77,9784.56,9856.61,39386548075,1.79495E+11
2020-02-11,9855.89,10210.05,9729.33,10208.24,37648059389,1.85917E+11
2020-02-12,10202.39,10393.61,10202.39,10326.05,43444303830,1.88081E+11
2020-02-13,10323.96,10457.63,10116.16,10214.38,49356071373,1.86065E+11
2020-02-14,10211.55,10322,10125.53,10312.12,43338264162,1.87863E+11
2020-02-15,10313.86,10341.56,9874.43,9889.42,43865054831,1.8018E+11
2020-02-16,9889.18,10053.97,9722.39,9934.43,43374780305,1.81018E+11
2020-02-17,9936.56,9938.82,9507.64,9690.14,45998298413,1.76585E+11
2020-02-18,9691.23,10161.94,9632.38,10142,47271023953,1.84839E+11
2020-02-19,10143.8,10191.68,9611.22,9633.39,46992019710,1.75586E+11
2020-02-20,9629.33,9643.22,9507.9,9608.48,44925260237,1.75147E+11
2020-02-21,9611.78,9723.01,9589.74,9686.44,40930547513,1.76587E+11
2020-02-22,9687.71,9698.23,9600.73,9663.18,35838025154,1.76181E+11
2020-02-23,9663.32,9937.4,9657.79,9924.52,41185185761,1.80963E+11
2020-02-24,9921.58,9951.75,9537.04,9650.17,45080496648,1.75978E+11
2020-02-25,9651.31,9652.74,9305.02,9341.71,42515259129,1.7037E+11
2020-02-26,9338.29,9354.78,8704.43,8820.52,50420050762,1.60879E+11
2020-02-27,8825.09,8932.89,8577.2,8784.49,45470195695,1.60238E+11
2020-02-28,8788.73,8890.46,8492.93,8672.46,44605450443,1.58212E+11
2020-02-29,8671.21,8775.63,8599.51,8599.51,35792392544,1.56896E+11
2020-03-01,8599.76,8726.8,8471.21,8562.45,35349164300,1.56239E+11
2020-03-02,8563.26,8921.31,8532.63,8869.67,42857674409,1.61861E+11
2020-03-03,8865.39,8901.6,8704.99,8787.79,42386715821,1.60384E+11
2020-03-04,8788.54,8843.37,8712.43,8755.25,34746706368,1.59808E+11
2020-03-05,8760.29,9142.05,8757.25,9078.76,39698054597,1.65732E+11
2020-03-06,9078.31,9167.7,9032.08,9122.55,40826885651,1.66548E+11
2020-03-07,9121.6,9163.22,8890.74,8909.95,36216930370,1.62685E+11
2020-03-08,8908.21,8914.34,8105.25,8108.12,39973102121,1.4806E+11
2020-03-09,8111.15,8177.79,7690.1,7923.64,46936995808,1.44706E+11
2020-03-10,7922.15,8136.95,7814.76,7909.73,42213940994,1.44466E+11
2020-03-11,7910.09,7950.81,7642.81,7911.43,38682762605,1.44508E+11
2020-03-12,7913.62,7929.12,4860.35,4970.79,53980357243,90804613601
2020-03-13,5017.83,5838.11,4106.98,5563.71,74156772075,1.01645E+11
2020-03-14,5573.08,5625.23,5125.07,5200.37,36154506008,95014981944
2020-03-15,5201.07,5836.65,5169.28,5392.31,33997889639,98530059890
2020-03-16,5385.23,5385.23,4575.36,5014.48,45368026430,91633478850
2020-03-17,5002.58,5371.35,4981.91,5225.63,38622642935,95499941183
2020-03-18,5227.11,5331.83,5069.34,5238.44,37878801016,95740715529
2020-03-19,5245.42,6329.74,5236.97,6191.19,51000731797,1.13162E+11
2020-03-20,6191.65,6844.26,5865.78,6198.78,54442976103,1.13309E+11
2020-03-21,6206.52,6378.14,5932.82,6185.07,42494390880,1.13068E+11
2020-03-22,6185.56,6359.7,5823.71,5830.25,40099664740,1.06591E+11
2020-03-23,5831.37,6443.93,5785,6416.31,46491916000,1.17315E+11
2020-03-24,6436.64,6789.02,6411.07,6734.8,48221910672,1.23149E+11
2020-03-25,6738.72,6892.51,6536.93,6681.06,44590107888,1.22174E+11
2020-03-26,6675.17,6735.46,6590.96,6716.44,35319797642,1.22834E+11
2020-03-27,6719.39,6793.84,6466.7,6469.8,34585598367,1.18336E+11
2020-03-28,6467.25,6467.5,6117.84,6242.19,34885225901,1.14184E+11
2020-03-29,6245.62,6250.47,5920.09,5922.04,28373690931,1.08339E+11
2020-03-30,5925.54,6517.2,5903.23,6429.84,37101651525,1.1764E+11
2020-03-31,6430.61,6504.52,6374.16,6438.64,32786468812,1.17814E+11
2020-04-01,6437.32,6612.57,6202.37,6606.78,40346426266,1.20903E+11
2020-04-02,6606.78,7088.25,6595.92,6793.62,47660646124,1.24335E+11
2020-04-03,6797.4,7003.22,6673.34,6733.39,38976504903,1.23244E+11
2020-04-04,6738.38,6878.95,6696.48,6867.53,33185988584,1.25713E+11
2020-04-05,6862.54,6883.41,6715.93,6791.13,29510409856,1.24329E+11
2020-04-06,6788.05,7271.78,6782.89,7271.78,46896904615,1.3314E+11
2020-04-07,7273.64,7427.94,7136.71,7176.41,44243482668,1.31409E+11
2020-04-08,7179.28,7356.22,7153.31,7334.1,37563249549,1.3431E+11
2020-04-09,7337.97,7341.45,7179.09,7302.09,34815139178,1.33738E+11
2020-04-10,7303.82,7303.82,6802.47,6865.49,43622840992,1.25755E+11
2020-04-11,6867.44,6926.07,6789.92,6859.08,31222085946,1.25652E+11
2020-04-12,6858.07,7119.95,6811.08,6971.09,35759567632,1.27717E+11
2020-04-13,6965.62,6965.62,6668.26,6845.04,38619308647,1.25422E+11
2020-04-14,6843.28,6958.56,6793.82,6842.43,34110434052,1.25389E+11
2020-04-15,6845.56,6928.66,6633.4,6642.11,32288311031,1.21732E+11
2020-04-16,6640.45,7134.45,6555.5,7116.8,46783242377,1.30445E+11
2020-04-17,7116.55,7167.18,7050.33,7096.18,32513423567,1.30078E+11
2020-04-18,7092.29,7269.96,7089.25,7257.66,32447188386,1.33053E+11
2020-04-19,7260.92,7280.52,7167.05,7189.42,31311210215,1.31816E+11
2020-04-20,7186.87,7240.29,6835.5,6881.96,37747113936,1.26192E+11
2020-04-21,6879.78,6934.55,6834.44,6880.32,32589741511,1.26175E+11
2020-04-22,6879.44,7145.87,6867.78,7117.21,33249153866,1.30531E+11
2020-04-23,7121.31,7491.78,7081.59,7429.72,43500782316,1.36276E+11
2020-04-24,7434.18,7574.2,7434.18,7550.9,34636526286,1.38512E+11
2020-04-25,7550.48,7641.36,7521.67,7569.94,32941541447,1.38874E+11
2020-04-26,7570.14,7700.59,7561.41,7679.87,33070154491,1.40904E+11
2020-04-27,7679.42,7795.6,7679.42,7795.6,36162144725,1.43041E+11
2020-04-28,7796.97,7814.53,7730.81,7807.06,33187959921,1.43266E+11
2020-04-29,7806.71,8871.75,7786.05,8801.04,60201052203,1.61522E+11
2020-04-30,8797.67,9440.65,8533.26,8658.55,66964629541,1.58922E+11
2020-05-01,8672.78,9048.02,8667.76,8864.77,44068389997,1.62723E+11
2020-05-02,8869.06,9007.19,8811.37,8988.6,40134388683,1.65012E+11
2020-05-03,8983.61,9167.78,8830.97,8897.47,47101785174,1.63358E+11
2020-05-04,8895.74,8956.91,8645.02,8912.65,45718796276,1.63654E+11
2020-05-05,8912.83,9062.41,8856.83,9003.07,43148462663,1.65332E+11
2020-05-06,9007.44,9411.47,8966.71,9268.76,49371886931,1.7023E+11
2020-05-07,9261.9,9992.66,9138.32,9951.52,61112700562,1.82787E+11
2020-05-08,9936.16,9996.74,9767.17,9842.67,51780748042,1.80805E+11
2020-05-09,9840.91,9913.86,9580.64,9593.9,46566121841,1.76251E+11
2020-05-10,9591.17,9595.58,8395.11,8756.43,63325279337,1.60885E+11
2020-05-11,8755.54,9033.47,8374.32,8601.8,57119858802,1.58059E+11
2020-05-12,8610.39,8949.9,8569.64,8804.48,42142717533,1.61792E+11
2020-05-13,8805.39,9317.88,8805.39,9269.99,45558144023,1.70353E+11
2020-05-14,9271.33,9793.27,9255.03,9733.72,56426907637,1.78882E+11
2020-05-15,9734.29,9755.83,9261.4,9328.2,48158802327,1.71436E+11
2020-05-16,9333.24,9564.2,9260.69,9377.01,36164766408,1.72341E+11
2020-05-17,9374.93,9823,9349.55,9670.74,40084250663,1.77745E+11
2020-05-18,9675.69,9906.03,9570.36,9726.57,41827139896,1.78779E+11
2020-05-19,9727.06,9836.05,9539.62,9729.04,39254288955,1.78832E+11
2020-05-20,9725.33,9804.79,9447.2,9522.98,36546239703,1.75051E+11
2020-05-21,9522.74,9555.24,8869.93,9081.76,39326160532,1.66948E+11
2020-05-22,9080.33,9232.94,9008.64,9182.58,29810773699,1.68808E+11
2020-05-23,9185.06,9302.5,9118.11,9209.29,27727866812,1.69305E+11
2020-05-24,9212.28,9288.4,8787.25,8790.37,32518803300,1.6161E+11
2020-05-25,8786.11,8951.01,8719.67,8906.93,31288157264,1.6376E+11
2020-05-26,8909.59,8991.97,8757.29,8835.05,29584186947,1.62446E+11
2020-05-27,8837.38,9203.32,8834.16,9181.02,32740536902,1.68815E+11
2020-05-28,9184.94,9546.32,9148.46,9525.75,34367073114,1.75161E+11
2020-05-29,9528.36,9573.67,9379.34,9439.12,32896642044,1.73576E+11
2020-05-30,9438.91,9704.03,9366.73,9700.41,32722975141,1.7839E+11
2020-05-31,9700.11,9700.34,9432.3,9461.06,27773290299,1.73997E+11
2020-06-01,9463.61,10199.56,9450.9,10167.27,35198901068,1.86993E+11
2020-06-02,10162.97,10182.34,9460.57,9529.8,39137252109,1.75277E+11
2020-06-03,9533.76,9682.86,9471.85,9656.72,25007459262,1.7762E+11
2020-06-04,9655.85,9887.61,9525.25,9800.64,25921805072,1.80276E+11
2020-06-05,9800.22,9869.24,9663.22,9665.53,23509628646,1.77802E+11
2020-06-06,9664.9,9773.43,9591.02,9653.68,20438419222,1.77596E+11
2020-06-07,9653,9768.5,9458.15,9758.85,25015250846,1.7954E+11
2020-06-08,9760.06,9782.31,9675.89,9771.49,21486346312,1.79783E+11
2020-06-09,9774.36,9836.37,9664.72,9795.7,23717842783,1.80238E+11
2020-06-10,9794.12,9908.9,9728.29,9870.09,25706567601,1.81617E+11
2020-06-11,9870.08,9938.3,9263.07,9321.78,30247143440,1.71538E+11
2020-06-12,9320.69,9540.47,9285.85,9480.84,22610564515,1.74475E+11
2020-06-13,9480.74,9493.21,9396.01,9475.28,17564322315,1.74382E+11
2020-06-14,9477.55,9482.27,9347.59,9386.79,18991732746,1.72763E+11
2020-06-15,9386.04,9504.86,8990.18,9450.7,26699704768,1.73948E+11
2020-06-16,9454.27,9579.43,9400.45,9538.02,21565537209,1.75564E+11
2020-06-17,9533.78,9540.42,9327.34,9480.26,20177709879,1.74509E+11
2020-06-18,9481.57,9482.78,9328.4,9411.84,17770083003,1.73257E+11
2020-06-19,9410.29,9440.88,9274.3,9288.02,19632223107,1.70986E+11
2020-06-20,9290.96,9394.97,9247.38,9332.34,17130541557,1.71809E+11
2020-06-21,9330.93,9401.11,9300.43,9303.63,15324301169,1.71289E+11
2020-06-22,9300.92,9655.07,9296.87,9648.72,21104009514,1.77651E+11
2020-06-23,9644.08,9670.54,9547.25,9629.66,17006433272,1.7731E+11
2020-06-24,9632.15,9680.37,9278.23,9313.61,18961716076,1.71499E+11
2020-06-25,9314.13,9340.16,9095.32,9264.81,18616048626,1.70608E+11
2020-06-26,9260.99,9310.52,9101.74,9162.92,18341465837,1.68741E+11
2020-06-27,9167.82,9207.81,8998.22,9045.39,17273093144,1.66585E+11
2020-06-28,9048.46,9197.55,8975.53,9143.58,14560870760,1.68402E+11
2020-06-29,9140.03,9237.57,9041.88,9190.85,16460547078,1.69281E+11
2020-06-30,9185.58,9217.84,9084.84,9137.99,15735797744,1.68316E+11
2020-07-01,9145.99,9309.75,9104.73,9228.33,15971550355,1.69989E+11
2020-07-02,9231.14,9274.96,9036.62,9123.41,16338916796,1.68066E+11
2020-07-03,9124.84,9202.34,9058.79,9087.3,13078970999,1.6741E+11
2020-07-04,9084.23,9183.3,9053.63,9132.49,12290528515,1.68251E+11
2020-07-05,9126.09,9162.18,8977.02,9073.94,12903406143,1.67182E+11
2020-07-06,9072.85,9375.47,9058.66,9375.47,17889263252,1.72746E+11
2020-07-07,9349.16,9360.62,9201.82,9252.28,13839652595,1.70485E+11
2020-07-08,9253.02,9450.34,9249.5,9428.33,19702359883,1.73739E+11
2020-07-09,9427.99,9431.38,9235,9277.97,18000702524,1.70977E+11
2020-07-10,9273.36,9287.47,9118,9278.81,16860035605,1.71002E+11
2020-07-11,9277.51,9293.53,9199.49,9240.35,13249910444,1.70302E+11
2020-07-12,9241.06,9319.42,9197.45,9276.5,14452361907,1.70977E+11
2020-07-13,9277.2,9306.4,9224.29,9243.61,17519821266,1.7038E+11
2020-07-14,9238.7,9283.84,9171.66,9243.21,18085038362,1.70381E+11
2020-07-15,9241.9,9275.33,9171.93,9192.84,15844731575,1.6946E+11
2020-07-16,9191.98,9214.31,9088.95,9132.23,15713967523,1.68351E+11
2020-07-17,9131.81,9182.25,9089.2,9151.39,13944570750,1.6871E+11
2020-07-18,9151.18,9230.98,9100.82,9159.04,12252601475,1.68859E+11
2020-07-19,9158.01,9201.4,9097.63,9185.82,12939002784,1.6936E+11
2020-07-20,9187.22,9214.27,9137.51,9164.23,13755604146,1.6897E+11
2020-07-21,9162.51,9407.26,9149.39,9374.89,18069581956,1.72862E+11
2020-07-22,9375.08,9530.52,9319.65,9525.36,16532254884,1.75645E+11
2020-07-23,9527.14,9610.25,9483,9581.07,18146399002,1.7668E+11
2020-07-24,9585.51,9623.34,9481.45,9536.89,16552768325,1.75875E+11
2020-07-25,9539.49,9704.56,9530.21,9677.11,16610070933,1.7847E+11
2020-07-26,9680.23,10023.81,9652.85,9905.17,20507998997,1.82685E+11
2020-07-27,9905.22,11298.22,9903.97,10990.87,35359749590,2.0272E+11
2020-07-28,11017.46,11204.33,10632.63,10912.82,28766551142,2.0129E+11
2020-07-29,10912.95,11304.4,10856.14,11100.47,24617249715,2.04761E+11
2020-07-30,11099.83,11169.36,10895.46,11111.21,22857247901,2.04969E+11
2020-07-31,11110.21,11415.86,10987.05,11323.47,23160469766,2.08895E+11
2020-08-01,11322.57,11794.78,11239.68,11759.59,26075670303,2.16951E+11
2020-08-02,11758.76,12034.14,11018.13,11053.61,27410067336,2.03936E+11
2020-08-03,11043.77,11453.08,11012.41,11246.35,20271713443,2.07503E+11
2020-08-04,11246.2,11385.38,11094.15,11205.89,21250197042,2.06767E+11
2020-08-05,11203.82,11786.62,11158.29,11747.02,24411254471,2.16761E+11
2020-08-06,11749.87,11902.34,11598.71,11779.77,23400740340,2.17377E+11
2020-08-07,11778.89,11898.04,11408.59,11601.47,23132312867,2.14098E+11
2020-08-08,11604.55,11800.06,11558.43,11754.05,17572057837,2.16924E+11
2020-08-09,11737.33,11806.06,11548.78,11675.74,17489608833,2.1549E+11
2020-08-10,11662.26,12045.14,11662.26,11878.11,26114112569,2.19235E+11
2020-08-11,11881.65,11932.71,11195.71,11410.53,27039782640,2.10616E+11
2020-08-12,11404.6,11748.4,11249.61,11584.93,25064548486,2.13847E+11
2020-08-13,11588.41,11796.4,11216.87,11784.14,27522199497,2.17535E+11
2020-08-14,11772.66,12150.99,11685.46,11768.87,24237958589,2.17265E+11
2020-08-15,11768.7,11963.2,11768.7,11865.7,23354924400,2.19064E+11
2020-08-16,11866.69,11934.9,11737.19,11892.8,20583375490,2.19576E+11
2020-08-17,11895.66,12359.06,11806.7,12254.4,28227687027,2.26262E+11
2020-08-18,12251.9,12335.71,11954.53,11991.23,26043227672,2.21413E+11
2020-08-19,11990.88,12028.92,11687.33,11758.28,24502851117,2.17122E+11
2020-08-20,11761.5,11900.41,11710.06,11878.37,20175242945,2.1935E+11
2020-08-21,11878.03,11899.26,11564.98,11592.49,23762425999,2.14082E+11
2020-08-22,11585.48,11689.41,11448.81,11681.83,20224191306,2.15742E+11
2020-08-23,11679.7,11713.43,11559.92,11664.85,18482062658,2.1544E+11
2020-08-24,11663.69,11807.63,11623.25,11774.6,20681511755,2.17478E+11
2020-08-25,11773.59,11778.3,11189.85,11366.14,26301509932,2.09943E+11
2020-08-26,11366.89,11530.05,11296.99,11488.36,22466660958,2.12211E+11
2020-08-27,11485.61,11570.79,11185.94,11323.4,23240415076,2.09172E+11
2020-08-28,11325.3,11545.62,11316.42,11542.5,19807127588,2.13232E+11
2020-08-29,11541.05,11585.64,11466.29,11506.87,17485597759,2.12584E+11
2020-08-30,11508.71,11715.26,11492.38,11711.51,19760127945,2.16374E+11
2020-08-31,11713.31,11768.88,11598.32,11680.82,22285928250,2.15818E+11
2020-09-01,11679.32,12067.08,11601.13,11970.48,27311555343,2.21181E+11
2020-09-02,11964.82,11964.82,11290.79,11414.03,28037405299,2.1091E+11
2020-09-03,11407.19,11443.02,10182.47,10245.3,31927261555,1.89322E+11
2020-09-04,10230.37,10663.92,10207.94,10511.81,29965130374,1.94256E+11
2020-09-05,10512.53,10581.57,9946.68,10169.57,44916565292,1.8794E+11
2020-09-06,10167.22,10353.93,10056.89,10280.35,37071460174,1.89997E+11
2020-09-07,10281,10399.15,9916.49,10369.56,33703098409,1.91657E+11
2020-09-08,10369.31,10414.78,9945.11,10131.52,33430927462,1.87267E+11
2020-09-09,10134.15,10350.54,10017.25,10242.35,24128292755,1.89326E+11
2020-09-10,10242.33,10503.91,10238.14,10363.14,54406443211,1.91568E+11
2020-09-11,10369.03,10434.92,10140.84,10400.91,45201121775,1.92276E+11
2020-09-12,10409.86,10578.84,10292.39,10442.17,36750077324,1.93049E+11
2020-09-13,10452.4,10577.22,10224.33,10323.76,36506852789,1.90871E+11
2020-09-14,10328.73,10800.01,10266.01,10680.84,35453581940,1.97484E+11
2020-09-15,10677.75,10938.63,10656.46,10796.95,32509451925,1.99642E+11
2020-09-16,10797.76,11100.12,10704.88,10974.9,30769986455,2.02943E+11
2020-09-17,10973.25,11037.42,10774.63,10948.99,38151810523,2.02476E+11
2020-09-18,10951.82,11034.91,10829.66,10944.59,26341903912,2.02406E+11
2020-09-19,10933.75,11134.09,10909.62,11094.35,22764204008,2.05186E+11
2020-09-20,11095.87,11095.87,10814.48,10938.27,24699523788,2.02309E+11
2020-09-21,10934.93,10988.3,10380.26,10462.26,28884999244,1.93514E+11
2020-09-22,10459.62,10568.08,10382.73,10538.46,23621787804,1.94932E+11
2020-09-23,10535.49,10537.83,10197.86,10246.19,23788661867,1.8953E+11
2020-09-24,10248.79,10771.06,10231.49,10760.07,47144380902,1.99046E+11
2020-09-25,10761.11,10777.7,10578.91,10692.72,39348590957,1.9781E+11
2020-09-26,10695.58,10773,10667.28,10750.72,46852525493,1.98893E+11
2020-09-27,10746.89,10803.98,10622.92,10775.27,53745972818,1.99358E+11
2020-09-28,10776.61,10945.35,10703.89,10709.65,47762394731,1.98154E+11
2020-09-29,10709.65,10860,10649.5,10844.64,46582396602,2.0066E+11
2020-09-30,10843.87,10847.26,10669.32,10784.49,44171073700,1.99557E+11
2020-10-01,10795.25,10933.62,10472.36,10619.45,40023134100,1.96512E+11
2020-10-02,10619.82,10657.84,10416.69,10575.98,48661453918,1.95716E+11
2020-10-03,10575.1,10598.94,10511.13,10549.33,44660271563,1.95233E+11
2020-10-04,10550.44,10686,10534.39,10669.58,71251776995,1.97469E+11
2020-10-05,10676.53,10793.51,10634.6,10793.34,47537578009,1.9977E+11
2020-10-06,10796.31,10797.58,10528.89,10604.41,42623695307,1.96282E+11
2020-10-07,10603.36,10680.51,10562.51,10668.97,37799458436,1.97486E+11
2020-10-08,10669.37,10945.74,10562.61,10915.69,63314794397,2.02064E+11
2020-10-09,10927.91,11102.67,10846.85,11064.46,22799117613,2.04827E+11
2020-10-10,11059.14,11442.21,11056.94,11296.36,22877978588,2.0913E+11
2020-10-11,11296.08,11428.81,11288.63,11384.18,19968627060,2.10767E+11
2020-10-12,11392.64,11698.47,11240.69,11555.36,26163972642,2.1395E+11
2020-10-13,11548.72,11548.98,11321.22,11425.9,24241420251,2.11566E+11
2020-10-14,11429.05,11539.98,11307.83,11429.51,24103426719,2.11643E+11
2020-10-15,11426.6,11569.91,11303.6,11495.35,24487233058,2.12873E+11
2020-10-16,11502.83,11540.06,11223.01,11322.12,25635480772,2.09676E+11
2020-10-17,11322.12,11386.26,11285.35,11358.1,19130430174,2.10354E+11
2020-10-18,11355.98,11483.36,11347.58,11483.36,18283314340,2.12683E+11
2020-10-19,11495.04,11799.09,11408.29,11742.04,23860769928,2.17482E+11
2020-10-20,11745.97,11999.92,11681.48,11916.34,30915821592,2.20721E+11
2020-10-21,11913.08,13184.57,11900.93,12823.69,43414712626,2.37532E+11
2020-10-22,12801.64,13161.59,12717.09,12965.89,34729759598,2.40166E+11
2020-10-23,12971.55,13015.96,12752.65,12931.54,28974975003,2.39558E+11
2020-10-24,12931.57,13145.07,12885.75,13108.06,24542317940,2.4284E+11
2020-10-25,13108.06,13329.18,12910.06,13031.17,24406920575,2.41425E+11
2020-10-26,13031.2,13225.3,12822.38,13075.25,29461458313,2.42251E+11
2020-10-27,13075.24,13759.67,13060.84,13654.22,33749878156,2.52986E+11
2020-10-28,13654.21,13837.7,12932.25,13271.29,35867318895,2.459E+11
2020-10-29,13271.3,13612.05,12980.06,13437.88,56499499598,2.48995E+11
2020-10-30,13437.87,13651.52,13136.2,13546.52,30581485201,2.51018E+11
2020-10-31,13546.53,14028.21,13457.53,13780.99,30306464719,2.55372E+11
2020-11-01,13780.99,13862.03,13628.38,13737.11,24453857900,2.5457E+11
2020-11-02,13737.03,13808.32,13243.16,13550.49,30771455468,2.5112E+11
2020-11-03,13550.45,13984.98,13325.44,13950.3,29869951617,2.58541E+11
2020-11-04,13950.49,14218.77,13580.47,14133.71,35116364962,2.61954E+11
2020-11-05,14133.73,15706.4,14102.09,15579.85,40856321439,2.88772E+11
2020-11-06,15579.73,15903.44,15226.84,15565.88,39837841971,2.88527E+11
2020-11-07,15565.88,15737.1,14423.2,14833.75,35024953706,2.7497E+11
2020-11-08,14833.75,15637.32,14744.11,15479.57,26632075029,2.86955E+11
2020-11-09,15479.6,15785.14,14865.53,15332.32,34149115566,2.84236E+11
2020-11-10,15332.35,15450.33,15124.96,15290.9,25574938143,2.83468E+11
2020-11-11,15290.91,15916.26,15290.01,15701.34,29772374934,2.91077E+11
2020-11-12,15701.3,16305,15534.77,16276.34,34175758344,3.01737E+11
2020-11-13,16276.44,16463.18,15992.15,16317.81,31599492172,3.02506E+11
2020-11-14,16317.81,16317.81,15749.19,16068.14,27481710135,2.97877E+11
2020-11-15,16068.14,16123.11,15793.53,15955.59,23653867583,2.95791E+11
2020-11-16,15955.58,16816.18,15880.71,16716.11,31526766675,3.09889E+11
2020-11-17,16685.69,17782.92,16564.54,17645.41,39006849170,3.27257E+11
2020-11-18,17645.19,18393.95,17352.91,17804.01,49064800278,3.30218E+11
2020-11-19,17803.86,18119.55,17382.55,17817.09,36985055355,3.30475E+11
2020-11-20,17817.08,18773.23,17765.8,18621.31,36992873940,3.45412E+11
2020-11-21,18621.32,18936.62,18444.36,18642.23,39650210707,3.45819E+11
2020-11-22,18642.23,18688.97,17671.38,18370,41280434226,3.4079E+11
2020-11-23,18370.02,18711.43,18000.8,18364.12,42741112308,3.40698E+11
2020-11-24,18365.01,19348.27,18128.66,19107.46,51469565009,3.54504E+11
2020-11-25,19104.41,19390.97,18581.15,18732.12,43710357371,3.47559E+11
2020-11-26,18729.84,18866.29,16351.03,17150.62,61396835737,3.18232E+11
2020-11-27,17153.91,17445.02,16526.42,17108.4,38886494645,3.17464E+11
2020-11-28,17112.93,17853.94,16910.65,17717.42,32601040734,3.28783E+11
2020-11-29,17719.63,18283.63,17559.12,18177.48,31133957704,3.37337E+11
2020-11-30,18178.32,19749.26,18178.32,19625.84,47728480399,3.6423E+11
2020-12-01,19633.77,19845.98,18321.92,18803,49633658712,3.48977E+11
2020-12-02,18801.74,19308.33,18347.72,19201.09,37387697139,3.56381E+11
2020-12-03,19205.93,19566.19,18925.78,19445.4,31930317405,3.60934E+11
2020-12-04,19446.97,19511.4,18697.19,18699.77,33872388058,3.47111E+11
2020-12-05,18698.39,19160.45,18590.19,19154.23,27242455064,3.55564E+11
2020-12-06,19154.18,19390.5,18897.89,19345.12,25293775714,3.59124E+11
2020-12-07,19343.13,19411.83,18931.14,19191.63,26896357742,3.56293E+11
2020-12-08,19191.53,19283.48,18269.95,18321.14,31692288756,3.40149E+11
2020-12-09,18320.88,18626.29,17935.55,18553.92,34420373071,3.44486E+11
2020-12-10,18553.3,18553.3,17957.07,18264.99,25547132265,3.39137E+11
2020-12-11,18263.93,18268.45,17619.53,18058.9,27919640985,3.35326E+11
2020-12-12,18051.32,18919.55,18046.04,18803.66,21752580802,3.49171E+11
2020-12-13,18806.77,19381.54,18734.33,19142.38,25450468637,3.55479E+11
2020-12-14,19144.49,19305.1,19012.71,19246.64,22473997681,3.57433E+11
2020-12-15,19246.92,19525.01,19079.84,19417.08,26741982542,3.60615E+11
2020-12-16,19418.82,21458.91,19298.32,21310.6,44409011479,3.958E+11
2020-12-17,21308.35,23642.66,21234.68,22805.16,71378606374,4.23577E+11
2020-12-18,22806.8,23238.6,22399.81,23137.96,40387896275,4.29781E+11
2020-12-19,23132.87,24085.86,22826.47,23869.83,38487546580,4.43399E+11
2020-12-20,23861.77,24209.66,23147.71,23477.3,37844228422,4.36129E+11
2020-12-21,23474.46,24059.98,22159.37,22803.08,45852713981,4.23625E+11
2020-12-22,22794.04,23789.9,22430.6,23783.03,44171632681,4.41851E+11
2020-12-23,23781.97,24024.49,22802.65,23241.34,51146161904,4.31809E+11
2020-12-24,23240.2,23768.34,22777.6,23735.95,41080759713,4.41017E+11
2020-12-25,23733.57,24710.1,23463.67,24664.79,42068395846,4.58297E+11
2020-12-26,24677.02,26718.07,24522.69,26437.04,48332647295,4.91251E+11
2020-12-27,26439.37,28288.84,25922.77,26272.29,66479895605,4.88213E+11
2020-12-28,26280.82,27389.11,26207.64,27084.81,49056742893,5.03339E+11
2020-12-29,27081.81,27370.72,25987.3,27362.44,45265946774,5.08524E+11
2020-12-30,27360.09,28937.74,27360.09,28840.95,51287442704,5.36034E+11
2020-12-31,28841.57,29244.88,28201.99,29001.72,46754964848,5.39051E+11
2021-01-01,28994.01,29600.63,28803.59,29374.15,40730301359,5.46002E+11
2021-01-02,29376.46,33155.12,29091.18,32127.27,67865420765,5.97206E+11
2021-01-03,32129.41,34608.56,32052.32,32782.02,78665235202,6.09409E+11
2021-01-04,32810.95,33440.22,28722.76,31971.91,81163475344,5.94384E+11
2021-01-05,31977.04,34437.59,30221.19,33992.43,67547324782,6.3198E+11
2021-01-06,34013.61,36879.7,33514.03,36824.36,75289433811,6.84671E+11
2021-01-07,36833.87,40180.37,36491.19,39371.04,84762141031,7.32063E+11
2021-01-08,39381.77,41946.74,36838.64,40797.61,88107519480,7.58626E+11
2021-01-09,40788.64,41436.35,38980.88,40254.55,61984162837,7.48563E+11
2021-01-10,40254.22,41420.19,35984.63,38356.44,79980747690,7.13305E+11
2021-01-11,38346.53,38346.53,30549.6,35566.66,1.23321E+11,6.61457E+11
2021-01-12,35516.36,36568.53,32697.98,33922.96,74773277909,6.3092E+11
2021-01-13,33915.12,37599.96,32584.67,37316.36,69364315979,6.9407E+11
2021-01-14,37325.11,39966.41,36868.56,39187.33,63615990033,7.28904E+11
2021-01-15,39156.71,39577.71,34659.59,36825.37,67760757881,6.85006E+11
2021-01-16,36821.65,37864.37,35633.55,36178.14,57706187875,6.73001E+11
2021-01-17,36163.65,36722.35,34069.32,35791.28,52359854336,6.65832E+11
2021-01-18,35792.24,37299.29,34883.84,36630.08,49511702429,6.8147E+11
2021-01-19,36642.23,37755.89,36069.81,36069.81,57244195486,6.71081E+11
2021-01-20,36050.11,36378.33,33570.48,35547.75,66834573161,6.614E+11
2021-01-21,35549.4,35552.68,30250.75,30825.7,75643067688,5.73566E+11
2021-01-22,30817.63,33811.85,28953.37,33005.76,77207272511,6.14161E+11
2021-01-23,32985.76,33360.98,31493.16,32067.64,48354737975,5.96733E+11
2021-01-24,32064.38,32944.01,31106.69,32289.38,48643830599,6.00889E+11
2021-01-25,32285.8,34802.74,32087.79,32366.39,59897054838,6.0235E+11
2021-01-26,32358.61,32794.55,31030.27,32569.85,60255421470,6.06169E+11
2021-01-27,32564.03,32564.03,29367.14,30432.55,62576762015,5.66417E+11
2021-01-28,30441.04,33858.31,30023.21,33466.1,76517157706,6.2291E+11
2021-01-29,34318.67,38406.26,32064.81,34316.39,1.17895E+11,6.38769E+11
2021-01-30,34295.94,34834.71,32940.19,34269.52,65141828798,6.37925E+11
2021-01-31,34270.88,34288.33,32270.18,33114.36,52754542671,6.16453E+11
2021-02-01,33114.58,34638.21,32384.23,33537.18,61400400660,6.24349E+11
2021-02-02,33533.2,35896.88,33489.22,35510.29,63088585433,6.61115E+11
2021-02-03,35510.82,37480.19,35443.98,37472.09,61166818159,6.97673E+11
2021-02-04,37475.1,38592.18,36317.5,36926.06,68838074392,6.87543E+11
2021-02-05,36931.55,38225.91,36658.76,38144.31,58598066402,7.10267E+11
2021-02-06,38138.39,40846.55,38138.39,39266.01,71326033653,7.31192E+11
2021-02-07,39250.19,39621.84,37446.15,38903.44,65500641143,7.24479E+11
2021-02-08,38886.83,46203.93,38076.32,46196.46,1.01467E+11,8.60343E+11
2021-02-09,46184.99,48003.72,45166.96,46481.1,91809846886,8.65683E+11
2021-02-10,46469.76,47145.57,43881.15,44918.18,87301089896,8.36617E+11
2021-02-11,44898.71,48463.47,44187.76,47909.33,81388911810,8.92365E+11
2021-02-12,47877.03,48745.73,46424.98,47504.85,76555041196,8.84874E+11
2021-02-13,47491.2,48047.74,46392.28,47105.52,70250456155,8.77479E+11
2021-02-14,47114.51,49487.64,47114.51,48717.29,71248675228,9.07551E+11
2021-02-15,48696.54,48875.57,46347.48,47945.06,77069903166,8.9321E+11
2021-02-16,47944.46,50341.1,47201.3,49199.87,77049582886,9.16623E+11
2021-02-17,49207.28,52533.91,49072.38,52149.01,80820545404,9.71612E+11
2021-02-18,52140.97,52474.11,51015.76,51679.8,52054723579,9.62915E+11
2021-02-19,51675.98,56113.65,50937.28,55888.13,63495496918,1.04138E+12
2021-02-20,55887.34,57505.23,54626.56,56099.52,68145460026,1.04537E+12
2021-02-21,56068.57,58330.57,55672.61,57539.94,51897585191,1.07226E+12
2021-02-22,57532.74,57533.39,48967.57,54207.32,92052420332,1.01021E+12
2021-02-23,54204.93,54204.93,45290.59,48824.43,1.06102E+11,9.09926E+11
2021-02-24,48835.09,51290.14,47213.5,49705.33,63695521388,9.26393E+11
2021-02-25,49709.08,51948.97,47093.85,47093.85,54506565949,8.77766E+11
2021-02-26,47180.46,48370.79,44454.84,46339.76,3.50968E+11,8.63752E+11
2021-02-27,46344.77,48253.27,45269.03,46188.45,45910946382,8.60978E+11
2021-02-28,46194.02,46716.43,43241.62,45137.77,53443887451,8.41429E+11
2021-03-01,45159.5,49784.02,45115.09,49631.24,53891300112,9.25236E+11
2021-03-02,49612.11,50127.51,47228.85,48378.99,47530897720,9.01934E+11
2021-03-03,48415.81,52535.14,48274.32,50538.24,53220811975,9.42237E+11
2021-03-04,50522.31,51735.09,47656.93,48561.17,52343816680,9.05414E+11
2021-03-05,48527.03,49396.43,46542.51,48927.3,48625928883,9.12285E+11
2021-03-06,48899.23,49147.22,47257.53,48912.38,34363564661,9.12054E+11
2021-03-07,48918.68,51384.37,48918.68,51206.69,43137459378,9.54881E+11
2021-03-08,51174.12,52314.07,49506.05,52246.52,48597428048,9.74322E+11
2021-03-09,52272.97,54824.12,51981.83,54824.12,50912227385,1.02244E+12
2021-03-10,54824.01,57258.25,53290.89,56008.55,57295577614,1.04458E+12
2021-03-11,55963.18,58091.06,54484.59,57805.12,56772343595,1.07814E+12
2021-03-12,57821.22,57996.62,55376.65,57332.09,55689944702,1.06937E+12
2021-03-13,57343.37,61683.86,56217.97,61243.08,60669829814,1.14237E+12
2021-03-14,61221.13,61597.92,59302.32,59302.32,43901225564,1.10623E+12
2021-03-15,59267.43,60540.99,55393.17,55907.2,66419369890,1.04295E+12
2021-03-16,55840.79,56833.18,53555.03,56804.9,59749798599,1.05975E+12
2021-03-17,56825.83,58969.82,54528.63,58870.89,60258313191,1.09834E+12
2021-03-18,58893.08,60116.25,54253.58,57858.92,55746041000,1.07951E+12
2021-03-19,57850.44,59498.38,56643.7,58346.65,49063873786,1.08867E+12
2021-03-20,58332.26,60031.29,58213.3,58313.64,50361731222,1.08811E+12
2021-03-21,58309.91,58767.9,56005.62,57523.42,51943414539,1.07342E+12
2021-03-22,57517.89,58471.48,54288.16,54529.15,56521454974,1.0176E+12
2021-03-23,54511.66,55985.44,53470.69,54738.94,56435023914,1.02156E+12
2021-03-24,54710.49,57262.38,52514.33,52774.26,70567223787,9.84948E+11
2021-03-25,52726.75,53392.39,50856.57,51704.16,67999812841,9.65029E+11
2021-03-26,51683.01,55137.31,51579.86,55137.31,56652197978,1.02915E+12
2021-03-27,55137.57,56568.22,54242.91,55973.51,47266542233,1.04481E+12
2021-03-28,55974.94,56610.31,55071.11,55950.75,47686580918,1.04445E+12
2021-03-29,55947.9,58342.1,55139.34,57750.2,57625587027,1.07809E+12
2021-03-30,57750.13,59447.22,57251.55,58917.69,54414116432,1.09994E+12
2021-03-31,58930.28,59930.03,57726.42,58918.83,65520826225,1.10002E+12
2021-04-01,58926.56,59586.07,58505.28,59095.81,61669163792,1.10338E+12
2021-04-02,59098.88,60267.19,58869.28,59384.31,58727860620,1.10881E+12
2021-04-03,59397.41,60110.27,57603.89,57603.89,59641344484,1.07562E+12
2021-04-04,57604.84,58913.75,57168.68,58758.56,50749662970,1.09723E+12
2021-04-05,58760.87,59891.3,57694.83,59057.88,60706272115,1.10288E+12
2021-04-06,59171.93,59479.58,57646.81,58192.36,66058027988,1.08677E+12
2021-04-07,58186.51,58731.14,55604.02,56048.94,75645303584,1.04679E+12
2021-04-08,56099.91,58338.74,55879.08,58323.95,53053855641,1.08933E+12
2021-04-09,58326.56,58937.05,57807.86,58245,46655208546,1.08791E+12
2021-04-10,58253.78,61276.67,58038.71,59793.24,58238470525,1.11689E+12
2021-04-11,59846.23,60790.56,59289.8,60204.96,46280252580,1.12464E+12
2021-04-12,60175.94,61253.04,59589.87,59893.45,51828688519,1.11887E+12
2021-04-13,59890.02,63742.28,59869.96,63503.46,69983454362,1.18636E+12
2021-04-14,63523.75,64863.1,61554.8,63109.7,77451779687,1.17906E+12
2021-04-15,63075.2,63821.67,62208.96,63314.01,60954381579,1.18295E+12
2021-04-16,63258.51,63594.72,60222.53,61572.79,84293007468,1.15046E+12
2021-04-17,61529.92,62572.18,60361.35,60683.82,66138759198,1.13388E+12
2021-04-18,60701.89,61057.46,52829.54,56216.19,97468872758,1.05045E+12
2021-04-19,56191.58,57520.05,54368.59,55724.27,65344865159,1.04129E+12
2021-04-20,55681.79,57062.15,53448.05,56473.03,67849323955,1.05532E+12
2021-04-21,56471.13,56757.97,53695.47,53906.09,54926612466,1.00739E+12
2021-04-22,53857.11,55410.23,50583.81,51762.27,74798630778,9.67372E+11
2021-04-23,51739.81,52120.79,47714.66,51093.65,86668667320,9.54919E+11
2021-04-24,51143.23,51167.56,48805.28,50050.87,49014494781,9.35472E+11
2021-04-25,50052.83,50506.02,47159.49,49004.25,46117114240,9.15956E+11
2021-04-26,49077.79,54288,48852.8,54021.75,58284039825,1.00978E+12
2021-04-27,54030.3,55416.96,53319.19,55033.12,49448222757,1.02873E+12
2021-04-28,55036.64,56227.21,53887.92,54824.7,48000572955,1.02489E+12
2021-04-29,54858.09,55115.84,52418.03,53555.11,46088929780,1.00119E+12
2021-04-30,53568.66,57900.72,53129.6,57750.18,52395931985,1.07967E+12
2021-05-01,57714.66,58448.34,57052.27,57828.05,42836427360,1.08117E+12
2021-05-02,57825.86,57902.59,56141.91,56631.08,38177405335,1.05886E+12
2021-05-03,56620.27,58973.31,56590.87,57200.29,51713139031,1.06956E+12
2021-05-04,57214.18,57214.18,53191.43,53333.54,68564706967,9.97324E+11
2021-05-05,53252.16,57911.36,52969.06,57424.01,69241316747,1.07387E+12
2021-05-06,57441.31,58363.31,55382.51,56396.51,69523285106,1.05471E+12
2021-05-07,56413.95,58606.63,55321.85,57356.4,68434023376,1.07273E+12
2021-05-08,57352.77,59464.61,56975.21,58803.78,65382980634,1.09986E+12
2021-05-09,58877.39,59210.88,56482,58232.32,65906690347,1.08924E+12
2021-05-10,58250.87,59519.35,54071.46,55859.8,71776546298,1.04493E+12
2021-05-11,55847.24,56872.54,54608.65,56704.57,61308396325,1.06079E+12
2021-05-12,56714.53,57939.36,49150.53,49150.53,75215403907,9.19528E+11
2021-05-13,49735.43,51330.84,46980.02,49716.19,96721152926,9.30161E+11
2021-05-14,49682.98,51438.12,48868.58,49880.53,55737497453,9.33277E+11
2021-05-15,49855.49,50639.67,46664.14,46760.19,59161047474,8.74931E+11
2021-05-16,46716.64,49720.04,43963.35,46456.06,64047871555,8.69279E+11
